date,product_id,product_name,units_sold,day_of_week,day_name,week_of_year,month
2025-08-01,P01,Beras Premium 5kg,16,4,Friday,31,8
2025-08-02,P01,Beras Premium 5kg,18,5,Saturday,31,8
2025-08-03,P01,Beras Premium 5kg,20,6,Sunday,31,8
2025-08-04,P01,Beras Premium 5kg,16,0,Monday,32,8
2025-08-05,P01,Beras Premium 5kg,20,1,Tuesday,32,8
2025-08-06,P01,Beras Premium 5kg,20,2,Wednesday,32,8
2025-08-07,P01,Beras Premium 5kg,17,3,Thursday,32,8
2025-08-08,P01,Beras Premium 5kg,19,4,Friday,32,8
2025-08-09,P01,Beras Premium 5kg,22,5,Saturday,32,8
2025-08-10,P01,Beras Premium 5kg,22,6,Sunday,32,8
2025-08-11,P01,Beras Premium 5kg,19,0,Monday,33,8
2025-08-12,P01,Beras Premium 5kg,18,1,Tuesday,33,8
2025-08-13,P01,Beras Premium 5kg,17,2,Wednesday,33,8
2025-08-14,P01,Beras Premium 5kg,17,3,Thursday,33,8
2025-08-15,P01,Beras Premium 5kg,20,4,Friday,33,8
2025-08-16,P01,Beras Premium 5kg,19,5,Saturday,33,8
2025-08-17,P01,Beras Premium 5kg,19,6,Sunday,33,8
2025-08-18,P01,Beras Premium 5kg,18,0,Monday,34,8
2025-08-19,P01,Beras Premium 5kg,16,1,Tuesday,34,8
2025-08-20,P01,Beras Premium 5kg,19,2,Wednesday,34,8
2025-08-21,P01,Beras Premium 5kg,19,3,Thursday,34,8
2025-08-22,P01,Beras Premium 5kg,20,4,Friday,34,8
2025-08-23,P01,Beras Premium 5kg,19,5,Saturday,34,8
2025-08-24,P01,Beras Premium 5kg,21,6,Sunday,34,8
2025-08-25,P01,Beras Premium 5kg,18,0,Monday,35,8
2025-08-26,P01,Beras Premium 5kg,19,1,Tuesday,35,8
2025-08-27,P01,Beras Premium 5kg,17,2,Wednesday,35,8
2025-08-28,P01,Beras Premium 5kg,17,3,Thursday,35,8
2025-08-29,P01,Beras Premium 5kg,18,4,Friday,35,8
2025-08-30,P01,Beras Premium 5kg,23,5,Saturday,35,8
2025-08-31,P01,Beras Premium 5kg,20,6,Sunday,35,8
2025-09-01,P01,Beras Premium 5kg,17,0,Monday,36,9
2025-09-02,P01,Beras Premium 5kg,16,1,Tuesday,36,9
2025-09-03,P01,Beras Premium 5kg,19,2,Wednesday,36,9
2025-09-04,P01,Beras Premium 5kg,19,3,Thursday,36,9
2025-09-05,P01,Beras Premium 5kg,18,4,Friday,36,9
2025-09-06,P01,Beras Premium 5kg,23,5,Saturday,36,9
2025-09-07,P01,Beras Premium 5kg,19,6,Sunday,36,9
2025-09-08,P01,Beras Premium 5kg,18,0,Monday,37,9
2025-09-09,P01,Beras Premium 5kg,20,1,Tuesday,37,9
2025-09-10,P01,Beras Premium 5kg,18,2,Wednesday,37,9
2025-09-11,P01,Beras Premium 5kg,20,3,Thursday,37,9
2025-09-12,P01,Beras Premium 5kg,20,4,Friday,37,9
2025-09-13,P01,Beras Premium 5kg,23,5,Saturday,37,9
2025-09-14,P01,Beras Premium 5kg,21,6,Sunday,37,9
2025-09-15,P01,Beras Premium 5kg,17,0,Monday,38,9
2025-09-16,P01,Beras Premium 5kg,19,1,Tuesday,38,9
2025-09-17,P01,Beras Premium 5kg,20,2,Wednesday,38,9
2025-09-18,P01,Beras Premium 5kg,20,3,Thursday,38,9
2025-09-19,P01,Beras Premium 5kg,20,4,Friday,38,9
2025-09-20,P01,Beras Premium 5kg,20,5,Saturday,38,9
2025-09-21,P01,Beras Premium 5kg,21,6,Sunday,38,9
2025-09-22,P01,Beras Premium 5kg,20,0,Monday,39,9
2025-09-23,P01,Beras Premium 5kg,17,1,Tuesday,39,9
2025-09-24,P01,Beras Premium 5kg,17,2,Wednesday,39,9
2025-09-25,P01,Beras Premium 5kg,19,3,Thursday,39,9
2025-09-26,P01,Beras Premium 5kg,18,4,Friday,39,9
2025-09-27,P01,Beras Premium 5kg,19,5,Saturday,39,9
2025-09-28,P01,Beras Premium 5kg,22,6,Sunday,39,9
2025-09-29,P01,Beras Premium 5kg,20,0,Monday,40,9
2025-09-30,P01,Beras Premium 5kg,19,1,Tuesday,40,9
2025-10-01,P01,Beras Premium 5kg,17,2,Wednesday,40,10
2025-10-02,P01,Beras Premium 5kg,18,3,Thursday,40,10
2025-10-03,P01,Beras Premium 5kg,17,4,Friday,40,10
2025-10-04,P01,Beras Premium 5kg,23,5,Saturday,40,10
2025-10-05,P01,Beras Premium 5kg,19,6,Sunday,40,10
2025-10-06,P01,Beras Premium 5kg,19,0,Monday,41,10
2025-10-07,P01,Beras Premium 5kg,17,1,Tuesday,41,10
2025-10-08,P01,Beras Premium 5kg,19,2,Wednesday,41,10
2025-10-09,P01,Beras Premium 5kg,20,3,Thursday,41,10
2025-10-10,P01,Beras Premium 5kg,16,4,Friday,41,10
2025-10-11,P01,Beras Premium 5kg,23,5,Saturday,41,10
2025-10-12,P01,Beras Premium 5kg,18,6,Sunday,41,10
2025-10-13,P01,Beras Premium 5kg,16,0,Monday,42,10
2025-10-14,P01,Beras Premium 5kg,19,1,Tuesday,42,10
2025-10-15,P01,Beras Premium 5kg,20,2,Wednesday,42,10
2025-10-16,P01,Beras Premium 5kg,19,3,Thursday,42,10
2025-10-17,P01,Beras Premium 5kg,19,4,Friday,42,10
2025-10-18,P01,Beras Premium 5kg,19,5,Saturday,42,10
2025-10-19,P01,Beras Premium 5kg,21,6,Sunday,42,10
2025-10-20,P01,Beras Premium 5kg,17,0,Monday,43,10
2025-10-21,P01,Beras Premium 5kg,20,1,Tuesday,43,10
2025-10-22,P01,Beras Premium 5kg,20,2,Wednesday,43,10
2025-10-23,P01,Beras Premium 5kg,20,3,Thursday,43,10
2025-10-24,P01,Beras Premium 5kg,16,4,Friday,43,10
2025-10-25,P01,Beras Premium 5kg,21,5,Saturday,43,10
2025-10-26,P01,Beras Premium 5kg,20,6,Sunday,43,10
2025-10-27,P01,Beras Premium 5kg,18,0,Monday,44,10
2025-10-28,P01,Beras Premium 5kg,19,1,Tuesday,44,10
2025-10-29,P01,Beras Premium 5kg,19,2,Wednesday,44,10
2025-10-30,P01,Beras Premium 5kg,20,3,Thursday,44,10
2025-10-31,P01,Beras Premium 5kg,17,4,Friday,44,10
2025-11-01,P01,Beras Premium 5kg,22,5,Saturday,44,11
2025-11-02,P01,Beras Premium 5kg,25,6,Sunday,44,11
2025-11-03,P01,Beras Premium 5kg,21,0,Monday,45,11
2025-11-04,P01,Beras Premium 5kg,21,1,Tuesday,45,11
2025-11-05,P01,Beras Premium 5kg,20,2,Wednesday,45,11
2025-11-06,P01,Beras Premium 5kg,22,3,Thursday,45,11
2025-11-07,P01,Beras Premium 5kg,22,4,Friday,45,11
2025-11-08,P01,Beras Premium 5kg,22,5,Saturday,45,11
2025-11-09,P01,Beras Premium 5kg,23,6,Sunday,45,11
2025-11-10,P01,Beras Premium 5kg,23,0,Monday,46,11
2025-11-11,P01,Beras Premium 5kg,22,1,Tuesday,46,11
2025-11-12,P01,Beras Premium 5kg,20,2,Wednesday,46,11
2025-11-13,P01,Beras Premium 5kg,21,3,Thursday,46,11
2025-11-14,P01,Beras Premium 5kg,22,4,Friday,46,11
2025-11-15,P01,Beras Premium 5kg,27,5,Saturday,46,11
2025-11-16,P01,Beras Premium 5kg,25,6,Sunday,46,11
2025-11-17,P01,Beras Premium 5kg,22,0,Monday,47,11
2025-11-18,P01,Beras Premium 5kg,21,1,Tuesday,47,11
2025-11-19,P01,Beras Premium 5kg,21,2,Wednesday,47,11
2025-11-20,P01,Beras Premium 5kg,21,3,Thursday,47,11
2025-11-21,P01,Beras Premium 5kg,19,4,Friday,47,11
2025-11-22,P01,Beras Premium 5kg,26,5,Saturday,47,11
2025-11-23,P01,Beras Premium 5kg,25,6,Sunday,47,11
2025-11-24,P01,Beras Premium 5kg,24,0,Monday,48,11
2025-11-25,P01,Beras Premium 5kg,20,1,Tuesday,48,11
2025-11-26,P01,Beras Premium 5kg,20,2,Wednesday,48,11
2025-11-27,P01,Beras Premium 5kg,23,3,Thursday,48,11
2025-11-28,P01,Beras Premium 5kg,24,4,Friday,48,11
2025-11-29,P01,Beras Premium 5kg,23,5,Saturday,48,11
2025-11-30,P01,Beras Premium 5kg,24,6,Sunday,48,11
2025-12-01,P01,Beras Premium 5kg,24,0,Monday,49,12
2025-12-02,P01,Beras Premium 5kg,19,1,Tuesday,49,12
2025-12-03,P01,Beras Premium 5kg,22,2,Wednesday,49,12
2025-12-04,P01,Beras Premium 5kg,23,3,Thursday,49,12
2025-12-05,P01,Beras Premium 5kg,23,4,Friday,49,12
2025-12-06,P01,Beras Premium 5kg,26,5,Saturday,49,12
2025-12-07,P01,Beras Premium 5kg,22,6,Sunday,49,12
2025-12-08,P01,Beras Premium 5kg,19,0,Monday,50,12
2025-12-09,P01,Beras Premium 5kg,20,1,Tuesday,50,12
2025-12-10,P01,Beras Premium 5kg,21,2,Wednesday,50,12
2025-12-11,P01,Beras Premium 5kg,23,3,Thursday,50,12
2025-12-12,P01,Beras Premium 5kg,22,4,Friday,50,12
2025-12-13,P01,Beras Premium 5kg,22,5,Saturday,50,12
2025-12-14,P01,Beras Premium 5kg,27,6,Sunday,50,12
2025-12-15,P01,Beras Premium 5kg,20,0,Monday,51,12
2025-12-16,P01,Beras Premium 5kg,21,1,Tuesday,51,12
2025-12-17,P01,Beras Premium 5kg,22,2,Wednesday,51,12
2025-12-18,P01,Beras Premium 5kg,20,3,Thursday,51,12
2025-12-19,P01,Beras Premium 5kg,20,4,Friday,51,12
2025-12-20,P01,Beras Premium 5kg,27,5,Saturday,51,12
2025-12-21,P01,Beras Premium 5kg,25,6,Sunday,51,12
2025-12-22,P01,Beras Premium 5kg,22,0,Monday,52,12
2025-12-23,P01,Beras Premium 5kg,23,1,Tuesday,52,12
2025-12-24,P01,Beras Premium 5kg,20,2,Wednesday,52,12
2025-12-25,P01,Beras Premium 5kg,20,3,Thursday,52,12
2025-12-26,P01,Beras Premium 5kg,20,4,Friday,52,12
2025-12-27,P01,Beras Premium 5kg,27,5,Saturday,52,12
2025-12-28,P01,Beras Premium 5kg,27,6,Sunday,52,12
2025-12-29,P01,Beras Premium 5kg,24,0,Monday,1,12
2025-12-30,P01,Beras Premium 5kg,21,1,Tuesday,1,12
2025-12-31,P01,Beras Premium 5kg,21,2,Wednesday,1,12
2026-01-01,P01,Beras Premium 5kg,18,3,Thursday,1,1
2026-01-02,P01,Beras Premium 5kg,16,4,Friday,1,1
2026-01-03,P01,Beras Premium 5kg,21,5,Saturday,1,1
2026-01-04,P01,Beras Premium 5kg,21,6,Sunday,1,1
2026-01-05,P01,Beras Premium 5kg,19,0,Monday,2,1
2026-01-06,P01,Beras Premium 5kg,16,1,Tuesday,2,1
2026-01-07,P01,Beras Premium 5kg,17,2,Wednesday,2,1
2026-01-08,P01,Beras Premium 5kg,18,3,Thursday,2,1
2026-01-09,P01,Beras Premium 5kg,19,4,Friday,2,1
2026-01-10,P01,Beras Premium 5kg,19,5,Saturday,2,1
2026-01-11,P01,Beras Premium 5kg,21,6,Sunday,2,1
2026-01-12,P01,Beras Premium 5kg,17,0,Monday,3,1
2026-01-13,P01,Beras Premium 5kg,18,1,Tuesday,3,1
2026-01-14,P01,Beras Premium 5kg,17,2,Wednesday,3,1
2026-01-15,P01,Beras Premium 5kg,19,3,Thursday,3,1
2026-01-16,P01,Beras Premium 5kg,18,4,Friday,3,1
2026-01-17,P01,Beras Premium 5kg,20,5,Saturday,3,1
2026-01-18,P01,Beras Premium 5kg,19,6,Sunday,3,1
2026-01-19,P01,Beras Premium 5kg,19,0,Monday,4,1
2026-01-20,P01,Beras Premium 5kg,19,1,Tuesday,4,1
2026-01-21,P01,Beras Premium 5kg,15,2,Wednesday,4,1
2026-01-22,P01,Beras Premium 5kg,16,3,Thursday,4,1
2026-01-23,P01,Beras Premium 5kg,18,4,Friday,4,1
2026-01-24,P01,Beras Premium 5kg,18,5,Saturday,4,1
2026-01-25,P01,Beras Premium 5kg,21,6,Sunday,4,1
2026-01-26,P01,Beras Premium 5kg,17,0,Monday,5,1
2026-01-27,P01,Beras Premium 5kg,18,1,Tuesday,5,1
2026-01-28,P01,Beras Premium 5kg,20,2,Wednesday,5,1
2026-01-29,P01,Beras Premium 5kg,17,3,Thursday,5,1
2026-01-30,P01,Beras Premium 5kg,17,4,Friday,5,1
2026-01-31,P01,Beras Premium 5kg,22,5,Saturday,5,1
2026-02-01,P01,Beras Premium 5kg,19,6,Sunday,5,2
2026-02-02,P01,Beras Premium 5kg,19,0,Monday,6,2
2026-02-03,P01,Beras Premium 5kg,18,1,Tuesday,6,2
2026-02-04,P01,Beras Premium 5kg,20,2,Wednesday,6,2
2026-02-05,P01,Beras Premium 5kg,18,3,Thursday,6,2
2026-02-06,P01,Beras Premium 5kg,17,4,Friday,6,2
2026-02-07,P01,Beras Premium 5kg,19,5,Saturday,6,2
2026-02-08,P01,Beras Premium 5kg,23,6,Sunday,6,2
2026-02-09,P01,Beras Premium 5kg,20,0,Monday,7,2
2026-02-10,P01,Beras Premium 5kg,20,1,Tuesday,7,2
2026-02-11,P01,Beras Premium 5kg,17,2,Wednesday,7,2
2026-02-12,P01,Beras Premium 5kg,17,3,Thursday,7,2
2026-02-13,P01,Beras Premium 5kg,19,4,Friday,7,2
2026-02-14,P01,Beras Premium 5kg,22,5,Saturday,7,2
2026-02-15,P01,Beras Premium 5kg,20,6,Sunday,7,2
2026-02-16,P01,Beras Premium 5kg,17,0,Monday,8,2
2026-02-17,P01,Beras Premium 5kg,17,1,Tuesday,8,2
2026-02-18,P01,Beras Premium 5kg,21,2,Wednesday,8,2
2026-02-19,P01,Beras Premium 5kg,17,3,Thursday,8,2
2026-02-20,P01,Beras Premium 5kg,18,4,Friday,8,2
2026-02-21,P01,Beras Premium 5kg,21,5,Saturday,8,2
2026-02-22,P01,Beras Premium 5kg,19,6,Sunday,8,2
2026-02-23,P01,Beras Premium 5kg,20,0,Monday,9,2
2026-02-24,P01,Beras Premium 5kg,17,1,Tuesday,9,2
2026-02-25,P01,Beras Premium 5kg,18,2,Wednesday,9,2
2026-02-26,P01,Beras Premium 5kg,17,3,Thursday,9,2
2026-02-27,P01,Beras Premium 5kg,20,4,Friday,9,2
2026-02-28,P01,Beras Premium 5kg,21,5,Saturday,9,2
2026-03-01,P01,Beras Premium 5kg,22,6,Sunday,9,3
2026-03-02,P01,Beras Premium 5kg,19,0,Monday,10,3
2026-03-03,P01,Beras Premium 5kg,19,1,Tuesday,10,3
2026-03-04,P01,Beras Premium 5kg,22,2,Wednesday,10,3
2026-03-05,P01,Beras Premium 5kg,22,3,Thursday,10,3
2026-03-06,P01,Beras Premium 5kg,21,4,Friday,10,3
2026-03-07,P01,Beras Premium 5kg,22,5,Saturday,10,3
2026-03-08,P01,Beras Premium 5kg,21,6,Sunday,10,3
2026-03-09,P01,Beras Premium 5kg,22,0,Monday,11,3
2026-03-10,P01,Beras Premium 5kg,22,1,Tuesday,11,3
2026-03-11,P01,Beras Premium 5kg,21,2,Wednesday,11,3
2026-03-12,P01,Beras Premium 5kg,23,3,Thursday,11,3
2026-03-13,P01,Beras Premium 5kg,19,4,Friday,11,3
2026-03-14,P01,Beras Premium 5kg,23,5,Saturday,11,3
2026-03-15,P01,Beras Premium 5kg,24,6,Sunday,11,3
2026-03-16,P01,Beras Premium 5kg,21,0,Monday,12,3
2026-03-17,P01,Beras Premium 5kg,19,1,Tuesday,12,3
2026-03-18,P01,Beras Premium 5kg,19,2,Wednesday,12,3
2026-03-19,P01,Beras Premium 5kg,23,3,Thursday,12,3
2026-03-20,P01,Beras Premium 5kg,22,4,Friday,12,3
2026-03-21,P01,Beras Premium 5kg,26,5,Saturday,12,3
2026-03-22,P01,Beras Premium 5kg,26,6,Sunday,12,3
2026-03-23,P01,Beras Premium 5kg,22,0,Monday,13,3
2026-03-24,P01,Beras Premium 5kg,20,1,Tuesday,13,3
2026-03-25,P01,Beras Premium 5kg,21,2,Wednesday,13,3
2026-03-26,P01,Beras Premium 5kg,22,3,Thursday,13,3
2026-03-27,P01,Beras Premium 5kg,19,4,Friday,13,3
2026-03-28,P01,Beras Premium 5kg,22,5,Saturday,13,3
2026-03-29,P01,Beras Premium 5kg,25,6,Sunday,13,3
2026-03-30,P01,Beras Premium 5kg,22,0,Monday,14,3
2026-03-31,P01,Beras Premium 5kg,23,1,Tuesday,14,3
2026-04-01,P01,Beras Premium 5kg,19,2,Wednesday,14,4
2026-04-02,P01,Beras Premium 5kg,23,3,Thursday,14,4
2026-04-03,P01,Beras Premium 5kg,19,4,Friday,14,4
2026-04-04,P01,Beras Premium 5kg,22,5,Saturday,14,4
2026-04-05,P01,Beras Premium 5kg,24,6,Sunday,14,4
2026-04-06,P01,Beras Premium 5kg,22,0,Monday,15,4
2026-04-07,P01,Beras Premium 5kg,20,1,Tuesday,15,4
2026-04-08,P01,Beras Premium 5kg,19,2,Wednesday,15,4
2026-04-09,P01,Beras Premium 5kg,21,3,Thursday,15,4
2026-04-10,P01,Beras Premium 5kg,21,4,Friday,15,4
2026-04-11,P01,Beras Premium 5kg,26,5,Saturday,15,4
2026-04-12,P01,Beras Premium 5kg,22,6,Sunday,15,4
2026-04-13,P01,Beras Premium 5kg,20,0,Monday,16,4
2026-04-14,P01,Beras Premium 5kg,20,1,Tuesday,16,4
2026-04-15,P01,Beras Premium 5kg,22,2,Wednesday,16,4
2026-04-16,P01,Beras Premium 5kg,21,3,Thursday,16,4
2026-04-17,P01,Beras Premium 5kg,19,4,Friday,16,4
2026-04-18,P01,Beras Premium 5kg,25,5,Saturday,16,4
2026-04-19,P01,Beras Premium 5kg,22,6,Sunday,16,4
2026-04-20,P01,Beras Premium 5kg,18,0,Monday,17,4
2026-04-21,P01,Beras Premium 5kg,22,1,Tuesday,17,4
2026-04-22,P01,Beras Premium 5kg,20,2,Wednesday,17,4
2026-04-23,P01,Beras Premium 5kg,22,3,Thursday,17,4
2026-04-24,P01,Beras Premium 5kg,18,4,Friday,17,4
2026-04-25,P01,Beras Premium 5kg,22,5,Saturday,17,4
2026-04-26,P01,Beras Premium 5kg,24,6,Sunday,17,4
2026-04-27,P01,Beras Premium 5kg,20,0,Monday,18,4
2026-04-28,P01,Beras Premium 5kg,23,1,Tuesday,18,4
2026-04-29,P01,Beras Premium 5kg,23,2,Wednesday,18,4
2026-04-30,P01,Beras Premium 5kg,20,3,Thursday,18,4
2026-05-01,P01,Beras Premium 5kg,21,4,Friday,18,5
2026-05-02,P01,Beras Premium 5kg,20,5,Saturday,18,5
2026-05-03,P01,Beras Premium 5kg,22,6,Sunday,18,5
2026-05-04,P01,Beras Premium 5kg,18,0,Monday,19,5
2026-05-05,P01,Beras Premium 5kg,20,1,Tuesday,19,5
2026-05-06,P01,Beras Premium 5kg,21,2,Wednesday,19,5
2026-05-07,P01,Beras Premium 5kg,20,3,Thursday,19,5
2026-05-08,P01,Beras Premium 5kg,19,4,Friday,19,5
2026-05-09,P01,Beras Premium 5kg,24,5,Saturday,19,5
2026-05-10,P01,Beras Premium 5kg,22,6,Sunday,19,5
2026-05-11,P01,Beras Premium 5kg,18,0,Monday,20,5
2026-05-12,P01,Beras Premium 5kg,17,1,Tuesday,20,5
2026-05-13,P01,Beras Premium 5kg,17,2,Wednesday,20,5
2026-05-14,P01,Beras Premium 5kg,21,3,Thursday,20,5
2026-05-15,P01,Beras Premium 5kg,17,4,Friday,20,5
2026-05-16,P01,Beras Premium 5kg,20,5,Saturday,20,5
2026-05-17,P01,Beras Premium 5kg,23,6,Sunday,20,5
2026-05-18,P01,Beras Premium 5kg,19,0,Monday,21,5
2026-05-19,P01,Beras Premium 5kg,18,1,Tuesday,21,5
2026-05-20,P01,Beras Premium 5kg,19,2,Wednesday,21,5
2026-05-21,P01,Beras Premium 5kg,17,3,Thursday,21,5
2026-05-22,P01,Beras Premium 5kg,17,4,Friday,21,5
2026-05-23,P01,Beras Premium 5kg,23,5,Saturday,21,5
2026-05-24,P01,Beras Premium 5kg,21,6,Sunday,21,5
2026-05-25,P01,Beras Premium 5kg,18,0,Monday,22,5
2026-05-26,P01,Beras Premium 5kg,19,1,Tuesday,22,5
2026-05-27,P01,Beras Premium 5kg,18,2,Wednesday,22,5
2026-05-28,P01,Beras Premium 5kg,17,3,Thursday,22,5
2026-05-29,P01,Beras Premium 5kg,19,4,Friday,22,5
2026-05-30,P01,Beras Premium 5kg,23,5,Saturday,22,5
2026-05-31,P01,Beras Premium 5kg,21,6,Sunday,22,5
2026-06-01,P01,Beras Premium 5kg,20,0,Monday,23,6
2026-06-02,P01,Beras Premium 5kg,18,1,Tuesday,23,6
2026-06-03,P01,Beras Premium 5kg,21,2,Wednesday,23,6
2026-06-04,P01,Beras Premium 5kg,17,3,Thursday,23,6
2026-06-05,P01,Beras Premium 5kg,17,4,Friday,23,6
2026-06-06,P01,Beras Premium 5kg,24,5,Saturday,23,6
2026-06-07,P01,Beras Premium 5kg,24,6,Sunday,23,6
2026-06-08,P01,Beras Premium 5kg,18,0,Monday,24,6
2026-06-09,P01,Beras Premium 5kg,18,1,Tuesday,24,6
2026-06-10,P01,Beras Premium 5kg,19,2,Wednesday,24,6
2026-06-11,P01,Beras Premium 5kg,20,3,Thursday,24,6
2026-06-12,P01,Beras Premium 5kg,18,4,Friday,24,6
2026-06-13,P01,Beras Premium 5kg,24,5,Saturday,24,6
2026-06-14,P01,Beras Premium 5kg,22,6,Sunday,24,6
2026-06-15,P01,Beras Premium 5kg,20,0,Monday,25,6
2026-06-16,P01,Beras Premium 5kg,17,1,Tuesday,25,6
2026-06-17,P01,Beras Premium 5kg,19,2,Wednesday,25,6
2026-06-18,P01,Beras Premium 5kg,18,3,Thursday,25,6
2026-06-19,P01,Beras Premium 5kg,20,4,Friday,25,6
2026-06-20,P01,Beras Premium 5kg,19,5,Saturday,25,6
2026-06-21,P01,Beras Premium 5kg,22,6,Sunday,25,6
2026-06-22,P01,Beras Premium 5kg,17,0,Monday,26,6
2026-06-23,P01,Beras Premium 5kg,18,1,Tuesday,26,6
2026-06-24,P01,Beras Premium 5kg,21,2,Wednesday,26,6
2026-06-25,P01,Beras Premium 5kg,20,3,Thursday,26,6
2026-06-26,P01,Beras Premium 5kg,19,4,Friday,26,6
2026-06-27,P01,Beras Premium 5kg,22,5,Saturday,26,6
2026-06-28,P01,Beras Premium 5kg,22,6,Sunday,26,6
2026-06-29,P01,Beras Premium 5kg,18,0,Monday,27,6
2026-06-30,P01,Beras Premium 5kg,17,1,Tuesday,27,6
2026-07-01,P01,Beras Premium 5kg,19,2,Wednesday,27,7
2026-07-02,P01,Beras Premium 5kg,19,3,Thursday,27,7
2026-07-03,P01,Beras Premium 5kg,19,4,Friday,27,7
2026-07-04,P01,Beras Premium 5kg,22,5,Saturday,27,7
2026-07-05,P01,Beras Premium 5kg,21,6,Sunday,27,7
2026-07-06,P01,Beras Premium 5kg,21,0,Monday,28,7
2026-07-07,P01,Beras Premium 5kg,20,1,Tuesday,28,7
2026-07-08,P01,Beras Premium 5kg,20,2,Wednesday,28,7
2026-07-09,P01,Beras Premium 5kg,18,3,Thursday,28,7
2026-07-10,P01,Beras Premium 5kg,21,4,Friday,28,7
2026-07-11,P01,Beras Premium 5kg,24,5,Saturday,28,7
2026-07-12,P01,Beras Premium 5kg,20,6,Sunday,28,7
2026-07-13,P01,Beras Premium 5kg,18,0,Monday,29,7
2026-07-14,P01,Beras Premium 5kg,17,1,Tuesday,29,7
2026-07-15,P01,Beras Premium 5kg,17,2,Wednesday,29,7
2026-07-16,P01,Beras Premium 5kg,18,3,Thursday,29,7
2026-07-17,P01,Beras Premium 5kg,19,4,Friday,29,7
2026-07-18,P01,Beras Premium 5kg,23,5,Saturday,29,7
2026-07-19,P01,Beras Premium 5kg,22,6,Sunday,29,7
2026-07-20,P01,Beras Premium 5kg,17,0,Monday,30,7
2026-07-21,P01,Beras Premium 5kg,18,1,Tuesday,30,7
2026-07-22,P01,Beras Premium 5kg,19,2,Wednesday,30,7
2026-07-23,P01,Beras Premium 5kg,19,3,Thursday,30,7
2026-07-24,P01,Beras Premium 5kg,20,4,Friday,30,7
2026-07-25,P01,Beras Premium 5kg,22,5,Saturday,30,7
2026-07-26,P01,Beras Premium 5kg,20,6,Sunday,30,7
2026-07-27,P01,Beras Premium 5kg,18,0,Monday,31,7
2026-07-28,P01,Beras Premium 5kg,17,1,Tuesday,31,7
2026-07-29,P01,Beras Premium 5kg,19,2,Wednesday,31,7
2026-07-30,P01,Beras Premium 5kg,18,3,Thursday,31,7
2026-07-31,P01,Beras Premium 5kg,18,4,Friday,31,7
2025-08-01,P02,Minyak Goreng 1L,14,4,Friday,31,8
2025-08-02,P02,Minyak Goreng 1L,17,5,Saturday,31,8
2025-08-03,P02,Minyak Goreng 1L,17,6,Sunday,31,8
2025-08-04,P02,Minyak Goreng 1L,15,0,Monday,32,8
2025-08-05,P02,Minyak Goreng 1L,14,1,Tuesday,32,8
2025-08-06,P02,Minyak Goreng 1L,15,2,Wednesday,32,8
2025-08-07,P02,Minyak Goreng 1L,16,3,Thursday,32,8
2025-08-08,P02,Minyak Goreng 1L,14,4,Friday,32,8
2025-08-09,P02,Minyak Goreng 1L,18,5,Saturday,32,8
2025-08-10,P02,Minyak Goreng 1L,17,6,Sunday,32,8
2025-08-11,P02,Minyak Goreng 1L,17,0,Monday,33,8
2025-08-12,P02,Minyak Goreng 1L,13,1,Tuesday,33,8
2025-08-13,P02,Minyak Goreng 1L,14,2,Wednesday,33,8
2025-08-14,P02,Minyak Goreng 1L,15,3,Thursday,33,8
2025-08-15,P02,Minyak Goreng 1L,17,4,Friday,33,8
2025-08-16,P02,Minyak Goreng 1L,19,5,Saturday,33,8
2025-08-17,P02,Minyak Goreng 1L,16,6,Sunday,33,8
2025-08-18,P02,Minyak Goreng 1L,15,0,Monday,34,8
2025-08-19,P02,Minyak Goreng 1L,15,1,Tuesday,34,8
2025-08-20,P02,Minyak Goreng 1L,15,2,Wednesday,34,8
2025-08-21,P02,Minyak Goreng 1L,14,3,Thursday,34,8
2025-08-22,P02,Minyak Goreng 1L,15,4,Friday,34,8
2025-08-23,P02,Minyak Goreng 1L,16,5,Saturday,34,8
2025-08-24,P02,Minyak Goreng 1L,16,6,Sunday,34,8
2025-08-25,P02,Minyak Goreng 1L,14,0,Monday,35,8
2025-08-26,P02,Minyak Goreng 1L,15,1,Tuesday,35,8
2025-08-27,P02,Minyak Goreng 1L,16,2,Wednesday,35,8
2025-08-28,P02,Minyak Goreng 1L,16,3,Thursday,35,8
2025-08-29,P02,Minyak Goreng 1L,14,4,Friday,35,8
2025-08-30,P02,Minyak Goreng 1L,17,5,Saturday,35,8
2025-08-31,P02,Minyak Goreng 1L,17,6,Sunday,35,8
2025-09-01,P02,Minyak Goreng 1L,17,0,Monday,36,9
2025-09-02,P02,Minyak Goreng 1L,14,1,Tuesday,36,9
2025-09-03,P02,Minyak Goreng 1L,15,2,Wednesday,36,9
2025-09-04,P02,Minyak Goreng 1L,14,3,Thursday,36,9
2025-09-05,P02,Minyak Goreng 1L,14,4,Friday,36,9
2025-09-06,P02,Minyak Goreng 1L,19,5,Saturday,36,9
2025-09-07,P02,Minyak Goreng 1L,15,6,Sunday,36,9
2025-09-08,P02,Minyak Goreng 1L,15,0,Monday,37,9
2025-09-09,P02,Minyak Goreng 1L,14,1,Tuesday,37,9
2025-09-10,P02,Minyak Goreng 1L,16,2,Wednesday,37,9
2025-09-11,P02,Minyak Goreng 1L,14,3,Thursday,37,9
2025-09-12,P02,Minyak Goreng 1L,13,4,Friday,37,9
2025-09-13,P02,Minyak Goreng 1L,17,5,Saturday,37,9
2025-09-14,P02,Minyak Goreng 1L,16,6,Sunday,37,9
2025-09-15,P02,Minyak Goreng 1L,17,0,Monday,38,9
2025-09-16,P02,Minyak Goreng 1L,15,1,Tuesday,38,9
2025-09-17,P02,Minyak Goreng 1L,17,2,Wednesday,38,9
2025-09-18,P02,Minyak Goreng 1L,17,3,Thursday,38,9
2025-09-19,P02,Minyak Goreng 1L,14,4,Friday,38,9
2025-09-20,P02,Minyak Goreng 1L,16,5,Saturday,38,9
2025-09-21,P02,Minyak Goreng 1L,16,6,Sunday,38,9
2025-09-22,P02,Minyak Goreng 1L,16,0,Monday,39,9
2025-09-23,P02,Minyak Goreng 1L,14,1,Tuesday,39,9
2025-09-24,P02,Minyak Goreng 1L,17,2,Wednesday,39,9
2025-09-25,P02,Minyak Goreng 1L,14,3,Thursday,39,9
2025-09-26,P02,Minyak Goreng 1L,15,4,Friday,39,9
2025-09-27,P02,Minyak Goreng 1L,19,5,Saturday,39,9
2025-09-28,P02,Minyak Goreng 1L,18,6,Sunday,39,9
2025-09-29,P02,Minyak Goreng 1L,15,0,Monday,40,9
2025-09-30,P02,Minyak Goreng 1L,16,1,Tuesday,40,9
2025-10-01,P02,Minyak Goreng 1L,14,2,Wednesday,40,10
2025-10-02,P02,Minyak Goreng 1L,15,3,Thursday,40,10
2025-10-03,P02,Minyak Goreng 1L,16,4,Friday,40,10
2025-10-04,P02,Minyak Goreng 1L,18,5,Saturday,40,10
2025-10-05,P02,Minyak Goreng 1L,19,6,Sunday,40,10
2025-10-06,P02,Minyak Goreng 1L,15,0,Monday,41,10
2025-10-07,P02,Minyak Goreng 1L,14,1,Tuesday,41,10
2025-10-08,P02,Minyak Goreng 1L,14,2,Wednesday,41,10
2025-10-09,P02,Minyak Goreng 1L,16,3,Thursday,41,10
2025-10-10,P02,Minyak Goreng 1L,16,4,Friday,41,10
2025-10-11,P02,Minyak Goreng 1L,16,5,Saturday,41,10
2025-10-12,P02,Minyak Goreng 1L,17,6,Sunday,41,10
2025-10-13,P02,Minyak Goreng 1L,14,0,Monday,42,10
2025-10-14,P02,Minyak Goreng 1L,16,1,Tuesday,42,10
2025-10-15,P02,Minyak Goreng 1L,14,2,Wednesday,42,10
2025-10-16,P02,Minyak Goreng 1L,16,3,Thursday,42,10
2025-10-17,P02,Minyak Goreng 1L,13,4,Friday,42,10
2025-10-18,P02,Minyak Goreng 1L,18,5,Saturday,42,10
2025-10-19,P02,Minyak Goreng 1L,19,6,Sunday,42,10
2025-10-20,P02,Minyak Goreng 1L,15,0,Monday,43,10
2025-10-21,P02,Minyak Goreng 1L,14,1,Tuesday,43,10
2025-10-22,P02,Minyak Goreng 1L,16,2,Wednesday,43,10
2025-10-23,P02,Minyak Goreng 1L,16,3,Thursday,43,10
2025-10-24,P02,Minyak Goreng 1L,14,4,Friday,43,10
2025-10-25,P02,Minyak Goreng 1L,18,5,Saturday,43,10
2025-10-26,P02,Minyak Goreng 1L,19,6,Sunday,43,10
2025-10-27,P02,Minyak Goreng 1L,14,0,Monday,44,10
2025-10-28,P02,Minyak Goreng 1L,16,1,Tuesday,44,10
2025-10-29,P02,Minyak Goreng 1L,16,2,Wednesday,44,10
2025-10-30,P02,Minyak Goreng 1L,16,3,Thursday,44,10
2025-10-31,P02,Minyak Goreng 1L,14,4,Friday,44,10
2025-11-01,P02,Minyak Goreng 1L,22,5,Saturday,44,11
2025-11-02,P02,Minyak Goreng 1L,19,6,Sunday,44,11
2025-11-03,P02,Minyak Goreng 1L,16,0,Monday,45,11
2025-11-04,P02,Minyak Goreng 1L,18,1,Tuesday,45,11
2025-11-05,P02,Minyak Goreng 1L,19,2,Wednesday,45,11
2025-11-06,P02,Minyak Goreng 1L,17,3,Thursday,45,11
2025-11-07,P02,Minyak Goreng 1L,17,4,Friday,45,11
2025-11-08,P02,Minyak Goreng 1L,21,5,Saturday,45,11
2025-11-09,P02,Minyak Goreng 1L,21,6,Sunday,45,11
2025-11-10,P02,Minyak Goreng 1L,20,0,Monday,46,11
2025-11-11,P02,Minyak Goreng 1L,20,1,Tuesday,46,11
2025-11-12,P02,Minyak Goreng 1L,19,2,Wednesday,46,11
2025-11-13,P02,Minyak Goreng 1L,18,3,Thursday,46,11
2025-11-14,P02,Minyak Goreng 1L,19,4,Friday,46,11
2025-11-15,P02,Minyak Goreng 1L,21,5,Saturday,46,11
2025-11-16,P02,Minyak Goreng 1L,20,6,Sunday,46,11
2025-11-17,P02,Minyak Goreng 1L,17,0,Monday,47,11
2025-11-18,P02,Minyak Goreng 1L,18,1,Tuesday,47,11
2025-11-19,P02,Minyak Goreng 1L,17,2,Wednesday,47,11
2025-11-20,P02,Minyak Goreng 1L,18,3,Thursday,47,11
2025-11-21,P02,Minyak Goreng 1L,18,4,Friday,47,11
2025-11-22,P02,Minyak Goreng 1L,21,5,Saturday,47,11
2025-11-23,P02,Minyak Goreng 1L,20,6,Sunday,47,11
2025-11-24,P02,Minyak Goreng 1L,19,0,Monday,48,11
2025-11-25,P02,Minyak Goreng 1L,19,1,Tuesday,48,11
2025-11-26,P02,Minyak Goreng 1L,20,2,Wednesday,48,11
2025-11-27,P02,Minyak Goreng 1L,19,3,Thursday,48,11
2025-11-28,P02,Minyak Goreng 1L,17,4,Friday,48,11
2025-11-29,P02,Minyak Goreng 1L,20,5,Saturday,48,11
2025-11-30,P02,Minyak Goreng 1L,22,6,Sunday,48,11
2025-12-01,P02,Minyak Goreng 1L,19,0,Monday,49,12
2025-12-02,P02,Minyak Goreng 1L,20,1,Tuesday,49,12
2025-12-03,P02,Minyak Goreng 1L,19,2,Wednesday,49,12
2025-12-04,P02,Minyak Goreng 1L,19,3,Thursday,49,12
2025-12-05,P02,Minyak Goreng 1L,20,4,Friday,49,12
2025-12-06,P02,Minyak Goreng 1L,19,5,Saturday,49,12
2025-12-07,P02,Minyak Goreng 1L,19,6,Sunday,49,12
2025-12-08,P02,Minyak Goreng 1L,18,0,Monday,50,12
2025-12-09,P02,Minyak Goreng 1L,17,1,Tuesday,50,12
2025-12-10,P02,Minyak Goreng 1L,17,2,Wednesday,50,12
2025-12-11,P02,Minyak Goreng 1L,18,3,Thursday,50,12
2025-12-12,P02,Minyak Goreng 1L,20,4,Friday,50,12
2025-12-13,P02,Minyak Goreng 1L,19,5,Saturday,50,12
2025-12-14,P02,Minyak Goreng 1L,22,6,Sunday,50,12
2025-12-15,P02,Minyak Goreng 1L,18,0,Monday,51,12
2025-12-16,P02,Minyak Goreng 1L,19,1,Tuesday,51,12
2025-12-17,P02,Minyak Goreng 1L,20,2,Wednesday,51,12
2025-12-18,P02,Minyak Goreng 1L,18,3,Thursday,51,12
2025-12-19,P02,Minyak Goreng 1L,18,4,Friday,51,12
2025-12-20,P02,Minyak Goreng 1L,21,5,Saturday,51,12
2025-12-21,P02,Minyak Goreng 1L,19,6,Sunday,51,12
2025-12-22,P02,Minyak Goreng 1L,18,0,Monday,52,12
2025-12-23,P02,Minyak Goreng 1L,18,1,Tuesday,52,12
2025-12-24,P02,Minyak Goreng 1L,18,2,Wednesday,52,12
2025-12-25,P02,Minyak Goreng 1L,18,3,Thursday,52,12
2025-12-26,P02,Minyak Goreng 1L,17,4,Friday,52,12
2025-12-27,P02,Minyak Goreng 1L,20,5,Saturday,52,12
2025-12-28,P02,Minyak Goreng 1L,20,6,Sunday,52,12
2025-12-29,P02,Minyak Goreng 1L,19,0,Monday,1,12
2025-12-30,P02,Minyak Goreng 1L,19,1,Tuesday,1,12
2025-12-31,P02,Minyak Goreng 1L,16,2,Wednesday,1,12
2026-01-01,P02,Minyak Goreng 1L,13,3,Thursday,1,1
2026-01-02,P02,Minyak Goreng 1L,15,4,Friday,1,1
2026-01-03,P02,Minyak Goreng 1L,19,5,Saturday,1,1
2026-01-04,P02,Minyak Goreng 1L,18,6,Sunday,1,1
2026-01-05,P02,Minyak Goreng 1L,15,0,Monday,2,1
2026-01-06,P02,Minyak Goreng 1L,15,1,Tuesday,2,1
2026-01-07,P02,Minyak Goreng 1L,13,2,Wednesday,2,1
2026-01-08,P02,Minyak Goreng 1L,14,3,Thursday,2,1
2026-01-09,P02,Minyak Goreng 1L,16,4,Friday,2,1
2026-01-10,P02,Minyak Goreng 1L,19,5,Saturday,2,1
2026-01-11,P02,Minyak Goreng 1L,15,6,Sunday,2,1
2026-01-12,P02,Minyak Goreng 1L,15,0,Monday,3,1
2026-01-13,P02,Minyak Goreng 1L,13,1,Tuesday,3,1
2026-01-14,P02,Minyak Goreng 1L,14,2,Wednesday,3,1
2026-01-15,P02,Minyak Goreng 1L,14,3,Thursday,3,1
2026-01-16,P02,Minyak Goreng 1L,13,4,Friday,3,1
2026-01-17,P02,Minyak Goreng 1L,16,5,Saturday,3,1
2026-01-18,P02,Minyak Goreng 1L,17,6,Sunday,3,1
2026-01-19,P02,Minyak Goreng 1L,14,0,Monday,4,1
2026-01-20,P02,Minyak Goreng 1L,16,1,Tuesday,4,1
2026-01-21,P02,Minyak Goreng 1L,16,2,Wednesday,4,1
2026-01-22,P02,Minyak Goreng 1L,15,3,Thursday,4,1
2026-01-23,P02,Minyak Goreng 1L,15,4,Friday,4,1
2026-01-24,P02,Minyak Goreng 1L,15,5,Saturday,4,1
2026-01-25,P02,Minyak Goreng 1L,15,6,Sunday,4,1
2026-01-26,P02,Minyak Goreng 1L,15,0,Monday,5,1
2026-01-27,P02,Minyak Goreng 1L,14,1,Tuesday,5,1
2026-01-28,P02,Minyak Goreng 1L,14,2,Wednesday,5,1
2026-01-29,P02,Minyak Goreng 1L,16,3,Thursday,5,1
2026-01-30,P02,Minyak Goreng 1L,15,4,Friday,5,1
2026-01-31,P02,Minyak Goreng 1L,17,5,Saturday,5,1
2026-02-01,P02,Minyak Goreng 1L,16,6,Sunday,5,2
2026-02-02,P02,Minyak Goreng 1L,15,0,Monday,6,2
2026-02-03,P02,Minyak Goreng 1L,15,1,Tuesday,6,2
2026-02-04,P02,Minyak Goreng 1L,14,2,Wednesday,6,2
2026-02-05,P02,Minyak Goreng 1L,17,3,Thursday,6,2
2026-02-06,P02,Minyak Goreng 1L,14,4,Friday,6,2
2026-02-07,P02,Minyak Goreng 1L,18,5,Saturday,6,2
2026-02-08,P02,Minyak Goreng 1L,18,6,Sunday,6,2
2026-02-09,P02,Minyak Goreng 1L,16,0,Monday,7,2
2026-02-10,P02,Minyak Goreng 1L,15,1,Tuesday,7,2
2026-02-11,P02,Minyak Goreng 1L,15,2,Wednesday,7,2
2026-02-12,P02,Minyak Goreng 1L,16,3,Thursday,7,2
2026-02-13,P02,Minyak Goreng 1L,14,4,Friday,7,2
2026-02-14,P02,Minyak Goreng 1L,17,5,Saturday,7,2
2026-02-15,P02,Minyak Goreng 1L,17,6,Sunday,7,2
2026-02-16,P02,Minyak Goreng 1L,16,0,Monday,8,2
2026-02-17,P02,Minyak Goreng 1L,17,1,Tuesday,8,2
2026-02-18,P02,Minyak Goreng 1L,16,2,Wednesday,8,2
2026-02-19,P02,Minyak Goreng 1L,15,3,Thursday,8,2
2026-02-20,P02,Minyak Goreng 1L,17,4,Friday,8,2
2026-02-21,P02,Minyak Goreng 1L,17,5,Saturday,8,2
2026-02-22,P02,Minyak Goreng 1L,19,6,Sunday,8,2
2026-02-23,P02,Minyak Goreng 1L,14,0,Monday,9,2
2026-02-24,P02,Minyak Goreng 1L,16,1,Tuesday,9,2
2026-02-25,P02,Minyak Goreng 1L,14,2,Wednesday,9,2
2026-02-26,P02,Minyak Goreng 1L,15,3,Thursday,9,2
2026-02-27,P02,Minyak Goreng 1L,16,4,Friday,9,2
2026-02-28,P02,Minyak Goreng 1L,19,5,Saturday,9,2
2026-03-01,P02,Minyak Goreng 1L,19,6,Sunday,9,3
2026-03-02,P02,Minyak Goreng 1L,16,0,Monday,10,3
2026-03-03,P02,Minyak Goreng 1L,16,1,Tuesday,10,3
2026-03-04,P02,Minyak Goreng 1L,16,2,Wednesday,10,3
2026-03-05,P02,Minyak Goreng 1L,16,3,Thursday,10,3
2026-03-06,P02,Minyak Goreng 1L,16,4,Friday,10,3
2026-03-07,P02,Minyak Goreng 1L,19,5,Saturday,10,3
2026-03-08,P02,Minyak Goreng 1L,22,6,Sunday,10,3
2026-03-09,P02,Minyak Goreng 1L,15,0,Monday,11,3
2026-03-10,P02,Minyak Goreng 1L,16,1,Tuesday,11,3
2026-03-11,P02,Minyak Goreng 1L,17,2,Wednesday,11,3
2026-03-12,P02,Minyak Goreng 1L,17,3,Thursday,11,3
2026-03-13,P02,Minyak Goreng 1L,18,4,Friday,11,3
2026-03-14,P02,Minyak Goreng 1L,18,5,Saturday,11,3
2026-03-15,P02,Minyak Goreng 1L,19,6,Sunday,11,3
2026-03-16,P02,Minyak Goreng 1L,19,0,Monday,12,3
2026-03-17,P02,Minyak Goreng 1L,18,1,Tuesday,12,3
2026-03-18,P02,Minyak Goreng 1L,17,2,Wednesday,12,3
2026-03-19,P02,Minyak Goreng 1L,18,3,Thursday,12,3
2026-03-20,P02,Minyak Goreng 1L,18,4,Friday,12,3
2026-03-21,P02,Minyak Goreng 1L,18,5,Saturday,12,3
2026-03-22,P02,Minyak Goreng 1L,19,6,Sunday,12,3
2026-03-23,P02,Minyak Goreng 1L,19,0,Monday,13,3
2026-03-24,P02,Minyak Goreng 1L,16,1,Tuesday,13,3
2026-03-25,P02,Minyak Goreng 1L,17,2,Wednesday,13,3
2026-03-26,P02,Minyak Goreng 1L,16,3,Thursday,13,3
2026-03-27,P02,Minyak Goreng 1L,18,4,Friday,13,3
2026-03-28,P02,Minyak Goreng 1L,18,5,Saturday,13,3
2026-03-29,P02,Minyak Goreng 1L,21,6,Sunday,13,3
2026-03-30,P02,Minyak Goreng 1L,17,0,Monday,14,3
2026-03-31,P02,Minyak Goreng 1L,15,1,Tuesday,14,3
2026-04-01,P02,Minyak Goreng 1L,19,2,Wednesday,14,4
2026-04-02,P02,Minyak Goreng 1L,19,3,Thursday,14,4
2026-04-03,P02,Minyak Goreng 1L,17,4,Friday,14,4
2026-04-04,P02,Minyak Goreng 1L,22,5,Saturday,14,4
2026-04-05,P02,Minyak Goreng 1L,18,6,Sunday,14,4
2026-04-06,P02,Minyak Goreng 1L,19,0,Monday,15,4
2026-04-07,P02,Minyak Goreng 1L,17,1,Tuesday,15,4
2026-04-08,P02,Minyak Goreng 1L,19,2,Wednesday,15,4
2026-04-09,P02,Minyak Goreng 1L,17,3,Thursday,15,4
2026-04-10,P02,Minyak Goreng 1L,17,4,Friday,15,4
2026-04-11,P02,Minyak Goreng 1L,20,5,Saturday,15,4
2026-04-12,P02,Minyak Goreng 1L,20,6,Sunday,15,4
2026-04-13,P02,Minyak Goreng 1L,18,0,Monday,16,4
2026-04-14,P02,Minyak Goreng 1L,18,1,Tuesday,16,4
2026-04-15,P02,Minyak Goreng 1L,19,2,Wednesday,16,4
2026-04-16,P02,Minyak Goreng 1L,18,3,Thursday,16,4
2026-04-17,P02,Minyak Goreng 1L,18,4,Friday,16,4
2026-04-18,P02,Minyak Goreng 1L,18,5,Saturday,16,4
2026-04-19,P02,Minyak Goreng 1L,18,6,Sunday,16,4
2026-04-20,P02,Minyak Goreng 1L,18,0,Monday,17,4
2026-04-21,P02,Minyak Goreng 1L,17,1,Tuesday,17,4
2026-04-22,P02,Minyak Goreng 1L,19,2,Wednesday,17,4
2026-04-23,P02,Minyak Goreng 1L,17,3,Thursday,17,4
2026-04-24,P02,Minyak Goreng 1L,17,4,Friday,17,4
2026-04-25,P02,Minyak Goreng 1L,21,5,Saturday,17,4
2026-04-26,P02,Minyak Goreng 1L,20,6,Sunday,17,4
2026-04-27,P02,Minyak Goreng 1L,15,0,Monday,18,4
2026-04-28,P02,Minyak Goreng 1L,19,1,Tuesday,18,4
2026-04-29,P02,Minyak Goreng 1L,17,2,Wednesday,18,4
2026-04-30,P02,Minyak Goreng 1L,17,3,Thursday,18,4
2026-05-01,P02,Minyak Goreng 1L,15,4,Friday,18,5
2026-05-02,P02,Minyak Goreng 1L,17,5,Saturday,18,5
2026-05-03,P02,Minyak Goreng 1L,16,6,Sunday,18,5
2026-05-04,P02,Minyak Goreng 1L,15,0,Monday,19,5
2026-05-05,P02,Minyak Goreng 1L,14,1,Tuesday,19,5
2026-05-06,P02,Minyak Goreng 1L,15,2,Wednesday,19,5
2026-05-07,P02,Minyak Goreng 1L,16,3,Thursday,19,5
2026-05-08,P02,Minyak Goreng 1L,17,4,Friday,19,5
2026-05-09,P02,Minyak Goreng 1L,18,5,Saturday,19,5
2026-05-10,P02,Minyak Goreng 1L,19,6,Sunday,19,5
2026-05-11,P02,Minyak Goreng 1L,17,0,Monday,20,5
2026-05-12,P02,Minyak Goreng 1L,16,1,Tuesday,20,5
2026-05-13,P02,Minyak Goreng 1L,17,2,Wednesday,20,5
2026-05-14,P02,Minyak Goreng 1L,16,3,Thursday,20,5
2026-05-15,P02,Minyak Goreng 1L,17,4,Friday,20,5
2026-05-16,P02,Minyak Goreng 1L,19,5,Saturday,20,5
2026-05-17,P02,Minyak Goreng 1L,17,6,Sunday,20,5
2026-05-18,P02,Minyak Goreng 1L,15,0,Monday,21,5
2026-05-19,P02,Minyak Goreng 1L,16,1,Tuesday,21,5
2026-05-20,P02,Minyak Goreng 1L,16,2,Wednesday,21,5
2026-05-21,P02,Minyak Goreng 1L,17,3,Thursday,21,5
2026-05-22,P02,Minyak Goreng 1L,15,4,Friday,21,5
2026-05-23,P02,Minyak Goreng 1L,17,5,Saturday,21,5
2026-05-24,P02,Minyak Goreng 1L,16,6,Sunday,21,5
2026-05-25,P02,Minyak Goreng 1L,14,0,Monday,22,5
2026-05-26,P02,Minyak Goreng 1L,15,1,Tuesday,22,5
2026-05-27,P02,Minyak Goreng 1L,16,2,Wednesday,22,5
2026-05-28,P02,Minyak Goreng 1L,16,3,Thursday,22,5
2026-05-29,P02,Minyak Goreng 1L,14,4,Friday,22,5
2026-05-30,P02,Minyak Goreng 1L,18,5,Saturday,22,5
2026-05-31,P02,Minyak Goreng 1L,19,6,Sunday,22,5
2026-06-01,P02,Minyak Goreng 1L,14,0,Monday,23,6
2026-06-02,P02,Minyak Goreng 1L,16,1,Tuesday,23,6
2026-06-03,P02,Minyak Goreng 1L,17,2,Wednesday,23,6
2026-06-04,P02,Minyak Goreng 1L,16,3,Thursday,23,6
2026-06-05,P02,Minyak Goreng 1L,15,4,Friday,23,6
2026-06-06,P02,Minyak Goreng 1L,20,5,Saturday,23,6
2026-06-07,P02,Minyak Goreng 1L,19,6,Sunday,23,6
2026-06-08,P02,Minyak Goreng 1L,14,0,Monday,24,6
2026-06-09,P02,Minyak Goreng 1L,17,1,Tuesday,24,6
2026-06-10,P02,Minyak Goreng 1L,17,2,Wednesday,24,6
2026-06-11,P02,Minyak Goreng 1L,16,3,Thursday,24,6
2026-06-12,P02,Minyak Goreng 1L,14,4,Friday,24,6
2026-06-13,P02,Minyak Goreng 1L,17,5,Saturday,24,6
2026-06-14,P02,Minyak Goreng 1L,18,6,Sunday,24,6
2026-06-15,P02,Minyak Goreng 1L,15,0,Monday,25,6
2026-06-16,P02,Minyak Goreng 1L,16,1,Tuesday,25,6
2026-06-17,P02,Minyak Goreng 1L,17,2,Wednesday,25,6
2026-06-18,P02,Minyak Goreng 1L,17,3,Thursday,25,6
2026-06-19,P02,Minyak Goreng 1L,18,4,Friday,25,6
2026-06-20,P02,Minyak Goreng 1L,19,5,Saturday,25,6
2026-06-21,P02,Minyak Goreng 1L,16,6,Sunday,25,6
2026-06-22,P02,Minyak Goreng 1L,16,0,Monday,26,6
2026-06-23,P02,Minyak Goreng 1L,16,1,Tuesday,26,6
2026-06-24,P02,Minyak Goreng 1L,16,2,Wednesday,26,6
2026-06-25,P02,Minyak Goreng 1L,16,3,Thursday,26,6
2026-06-26,P02,Minyak Goreng 1L,14,4,Friday,26,6
2026-06-27,P02,Minyak Goreng 1L,20,5,Saturday,26,6
2026-06-28,P02,Minyak Goreng 1L,18,6,Sunday,26,6
2026-06-29,P02,Minyak Goreng 1L,15,0,Monday,27,6
2026-06-30,P02,Minyak Goreng 1L,15,1,Tuesday,27,6
2026-07-01,P02,Minyak Goreng 1L,16,2,Wednesday,27,7
2026-07-02,P02,Minyak Goreng 1L,17,3,Thursday,27,7
2026-07-03,P02,Minyak Goreng 1L,15,4,Friday,27,7
2026-07-04,P02,Minyak Goreng 1L,17,5,Saturday,27,7
2026-07-05,P02,Minyak Goreng 1L,17,6,Sunday,27,7
2026-07-06,P02,Minyak Goreng 1L,17,0,Monday,28,7
2026-07-07,P02,Minyak Goreng 1L,17,1,Tuesday,28,7
2026-07-08,P02,Minyak Goreng 1L,14,2,Wednesday,28,7
2026-07-09,P02,Minyak Goreng 1L,15,3,Thursday,28,7
2026-07-10,P02,Minyak Goreng 1L,14,4,Friday,28,7
2026-07-11,P02,Minyak Goreng 1L,18,5,Saturday,28,7
2026-07-12,P02,Minyak Goreng 1L,17,6,Sunday,28,7
2026-07-13,P02,Minyak Goreng 1L,14,0,Monday,29,7
2026-07-14,P02,Minyak Goreng 1L,16,1,Tuesday,29,7
2026-07-15,P02,Minyak Goreng 1L,18,2,Wednesday,29,7
2026-07-16,P02,Minyak Goreng 1L,16,3,Thursday,29,7
2026-07-17,P02,Minyak Goreng 1L,18,4,Friday,29,7
2026-07-18,P02,Minyak Goreng 1L,20,5,Saturday,29,7
2026-07-19,P02,Minyak Goreng 1L,19,6,Sunday,29,7
2026-07-20,P02,Minyak Goreng 1L,15,0,Monday,30,7
2026-07-21,P02,Minyak Goreng 1L,17,1,Tuesday,30,7
2026-07-22,P02,Minyak Goreng 1L,15,2,Wednesday,30,7
2026-07-23,P02,Minyak Goreng 1L,17,3,Thursday,30,7
2026-07-24,P02,Minyak Goreng 1L,16,4,Friday,30,7
2026-07-25,P02,Minyak Goreng 1L,17,5,Saturday,30,7
2026-07-26,P02,Minyak Goreng 1L,19,6,Sunday,30,7
2026-07-27,P02,Minyak Goreng 1L,15,0,Monday,31,7
2026-07-28,P02,Minyak Goreng 1L,17,1,Tuesday,31,7
2026-07-29,P02,Minyak Goreng 1L,17,2,Wednesday,31,7
2026-07-30,P02,Minyak Goreng 1L,14,3,Thursday,31,7
2026-07-31,P02,Minyak Goreng 1L,14,4,Friday,31,7
2025-08-01,P03,Gula Pasir 1kg,12,4,Friday,31,8
2025-08-02,P03,Gula Pasir 1kg,13,5,Saturday,31,8
2025-08-03,P03,Gula Pasir 1kg,13,6,Sunday,31,8
2025-08-04,P03,Gula Pasir 1kg,11,0,Monday,32,8
2025-08-05,P03,Gula Pasir 1kg,11,1,Tuesday,32,8
2025-08-06,P03,Gula Pasir 1kg,11,2,Wednesday,32,8
2025-08-07,P03,Gula Pasir 1kg,11,3,Thursday,32,8
2025-08-08,P03,Gula Pasir 1kg,12,4,Friday,32,8
2025-08-09,P03,Gula Pasir 1kg,14,5,Saturday,32,8
2025-08-10,P03,Gula Pasir 1kg,12,6,Sunday,32,8
2025-08-11,P03,Gula Pasir 1kg,12,0,Monday,33,8
2025-08-12,P03,Gula Pasir 1kg,12,1,Tuesday,33,8
2025-08-13,P03,Gula Pasir 1kg,12,2,Wednesday,33,8
2025-08-14,P03,Gula Pasir 1kg,13,3,Thursday,33,8
2025-08-15,P03,Gula Pasir 1kg,12,4,Friday,33,8
2025-08-16,P03,Gula Pasir 1kg,14,5,Saturday,33,8
2025-08-17,P03,Gula Pasir 1kg,13,6,Sunday,33,8
2025-08-18,P03,Gula Pasir 1kg,11,0,Monday,34,8
2025-08-19,P03,Gula Pasir 1kg,11,1,Tuesday,34,8
2025-08-20,P03,Gula Pasir 1kg,13,2,Wednesday,34,8
2025-08-21,P03,Gula Pasir 1kg,12,3,Thursday,34,8
2025-08-22,P03,Gula Pasir 1kg,13,4,Friday,34,8
2025-08-23,P03,Gula Pasir 1kg,15,5,Saturday,34,8
2025-08-24,P03,Gula Pasir 1kg,14,6,Sunday,34,8
2025-08-25,P03,Gula Pasir 1kg,13,0,Monday,35,8
2025-08-26,P03,Gula Pasir 1kg,11,1,Tuesday,35,8
2025-08-27,P03,Gula Pasir 1kg,13,2,Wednesday,35,8
2025-08-28,P03,Gula Pasir 1kg,11,3,Thursday,35,8
2025-08-29,P03,Gula Pasir 1kg,12,4,Friday,35,8
2025-08-30,P03,Gula Pasir 1kg,13,5,Saturday,35,8
2025-08-31,P03,Gula Pasir 1kg,15,6,Sunday,35,8
2025-09-01,P03,Gula Pasir 1kg,13,0,Monday,36,9
2025-09-02,P03,Gula Pasir 1kg,12,1,Tuesday,36,9
2025-09-03,P03,Gula Pasir 1kg,13,2,Wednesday,36,9
2025-09-04,P03,Gula Pasir 1kg,13,3,Thursday,36,9
2025-09-05,P03,Gula Pasir 1kg,12,4,Friday,36,9
2025-09-06,P03,Gula Pasir 1kg,14,5,Saturday,36,9
2025-09-07,P03,Gula Pasir 1kg,15,6,Sunday,36,9
2025-09-08,P03,Gula Pasir 1kg,13,0,Monday,37,9
2025-09-09,P03,Gula Pasir 1kg,13,1,Tuesday,37,9
2025-09-10,P03,Gula Pasir 1kg,11,2,Wednesday,37,9
2025-09-11,P03,Gula Pasir 1kg,11,3,Thursday,37,9
2025-09-12,P03,Gula Pasir 1kg,12,4,Friday,37,9
2025-09-13,P03,Gula Pasir 1kg,14,5,Saturday,37,9
2025-09-14,P03,Gula Pasir 1kg,15,6,Sunday,37,9
2025-09-15,P03,Gula Pasir 1kg,11,0,Monday,38,9
2025-09-16,P03,Gula Pasir 1kg,11,1,Tuesday,38,9
2025-09-17,P03,Gula Pasir 1kg,11,2,Wednesday,38,9
2025-09-18,P03,Gula Pasir 1kg,13,3,Thursday,38,9
2025-09-19,P03,Gula Pasir 1kg,12,4,Friday,38,9
2025-09-20,P03,Gula Pasir 1kg,14,5,Saturday,38,9
2025-09-21,P03,Gula Pasir 1kg,12,6,Sunday,38,9
2025-09-22,P03,Gula Pasir 1kg,12,0,Monday,39,9
2025-09-23,P03,Gula Pasir 1kg,12,1,Tuesday,39,9
2025-09-24,P03,Gula Pasir 1kg,11,2,Wednesday,39,9
2025-09-25,P03,Gula Pasir 1kg,12,3,Thursday,39,9
2025-09-26,P03,Gula Pasir 1kg,11,4,Friday,39,9
2025-09-27,P03,Gula Pasir 1kg,13,5,Saturday,39,9
2025-09-28,P03,Gula Pasir 1kg,12,6,Sunday,39,9
2025-09-29,P03,Gula Pasir 1kg,12,0,Monday,40,9
2025-09-30,P03,Gula Pasir 1kg,11,1,Tuesday,40,9
2025-10-01,P03,Gula Pasir 1kg,11,2,Wednesday,40,10
2025-10-02,P03,Gula Pasir 1kg,14,3,Thursday,40,10
2025-10-03,P03,Gula Pasir 1kg,13,4,Friday,40,10
2025-10-04,P03,Gula Pasir 1kg,12,5,Saturday,40,10
2025-10-05,P03,Gula Pasir 1kg,13,6,Sunday,40,10
2025-10-06,P03,Gula Pasir 1kg,11,0,Monday,41,10
2025-10-07,P03,Gula Pasir 1kg,12,1,Tuesday,41,10
2025-10-08,P03,Gula Pasir 1kg,11,2,Wednesday,41,10
2025-10-09,P03,Gula Pasir 1kg,11,3,Thursday,41,10
2025-10-10,P03,Gula Pasir 1kg,12,4,Friday,41,10
2025-10-11,P03,Gula Pasir 1kg,14,5,Saturday,41,10
2025-10-12,P03,Gula Pasir 1kg,14,6,Sunday,41,10
2025-10-13,P03,Gula Pasir 1kg,13,0,Monday,42,10
2025-10-14,P03,Gula Pasir 1kg,12,1,Tuesday,42,10
2025-10-15,P03,Gula Pasir 1kg,12,2,Wednesday,42,10
2025-10-16,P03,Gula Pasir 1kg,13,3,Thursday,42,10
2025-10-17,P03,Gula Pasir 1kg,12,4,Friday,42,10
2025-10-18,P03,Gula Pasir 1kg,14,5,Saturday,42,10
2025-10-19,P03,Gula Pasir 1kg,13,6,Sunday,42,10
2025-10-20,P03,Gula Pasir 1kg,13,0,Monday,43,10
2025-10-21,P03,Gula Pasir 1kg,11,1,Tuesday,43,10
2025-10-22,P03,Gula Pasir 1kg,13,2,Wednesday,43,10
2025-10-23,P03,Gula Pasir 1kg,11,3,Thursday,43,10
2025-10-24,P03,Gula Pasir 1kg,11,4,Friday,43,10
2025-10-25,P03,Gula Pasir 1kg,13,5,Saturday,43,10
2025-10-26,P03,Gula Pasir 1kg,14,6,Sunday,43,10
2025-10-27,P03,Gula Pasir 1kg,11,0,Monday,44,10
2025-10-28,P03,Gula Pasir 1kg,13,1,Tuesday,44,10
2025-10-29,P03,Gula Pasir 1kg,11,2,Wednesday,44,10
2025-10-30,P03,Gula Pasir 1kg,11,3,Thursday,44,10
2025-10-31,P03,Gula Pasir 1kg,13,4,Friday,44,10
2025-11-01,P03,Gula Pasir 1kg,16,5,Saturday,44,11
2025-11-02,P03,Gula Pasir 1kg,16,6,Sunday,44,11
2025-11-03,P03,Gula Pasir 1kg,13,0,Monday,45,11
2025-11-04,P03,Gula Pasir 1kg,14,1,Tuesday,45,11
2025-11-05,P03,Gula Pasir 1kg,15,2,Wednesday,45,11
2025-11-06,P03,Gula Pasir 1kg,15,3,Thursday,45,11
2025-11-07,P03,Gula Pasir 1kg,16,4,Friday,45,11
2025-11-08,P03,Gula Pasir 1kg,16,5,Saturday,45,11
2025-11-09,P03,Gula Pasir 1kg,15,6,Sunday,45,11
2025-11-10,P03,Gula Pasir 1kg,15,0,Monday,46,11
2025-11-11,P03,Gula Pasir 1kg,15,1,Tuesday,46,11
2025-11-12,P03,Gula Pasir 1kg,13,2,Wednesday,46,11
2025-11-13,P03,Gula Pasir 1kg,14,3,Thursday,46,11
2025-11-14,P03,Gula Pasir 1kg,15,4,Friday,46,11
2025-11-15,P03,Gula Pasir 1kg,15,5,Saturday,46,11
2025-11-16,P03,Gula Pasir 1kg,17,6,Sunday,46,11
2025-11-17,P03,Gula Pasir 1kg,15,0,Monday,47,11
2025-11-18,P03,Gula Pasir 1kg,15,1,Tuesday,47,11
2025-11-19,P03,Gula Pasir 1kg,14,2,Wednesday,47,11
2025-11-20,P03,Gula Pasir 1kg,13,3,Thursday,47,11
2025-11-21,P03,Gula Pasir 1kg,16,4,Friday,47,11
2025-11-22,P03,Gula Pasir 1kg,17,5,Saturday,47,11
2025-11-23,P03,Gula Pasir 1kg,18,6,Sunday,47,11
2025-11-24,P03,Gula Pasir 1kg,16,0,Monday,48,11
2025-11-25,P03,Gula Pasir 1kg,16,1,Tuesday,48,11
2025-11-26,P03,Gula Pasir 1kg,13,2,Wednesday,48,11
2025-11-27,P03,Gula Pasir 1kg,13,3,Thursday,48,11
2025-11-28,P03,Gula Pasir 1kg,16,4,Friday,48,11
2025-11-29,P03,Gula Pasir 1kg,17,5,Saturday,48,11
2025-11-30,P03,Gula Pasir 1kg,16,6,Sunday,48,11
2025-12-01,P03,Gula Pasir 1kg,16,0,Monday,49,12
2025-12-02,P03,Gula Pasir 1kg,14,1,Tuesday,49,12
2025-12-03,P03,Gula Pasir 1kg,15,2,Wednesday,49,12
2025-12-04,P03,Gula Pasir 1kg,13,3,Thursday,49,12
2025-12-05,P03,Gula Pasir 1kg,14,4,Friday,49,12
2025-12-06,P03,Gula Pasir 1kg,18,5,Saturday,49,12
2025-12-07,P03,Gula Pasir 1kg,15,6,Sunday,49,12
2025-12-08,P03,Gula Pasir 1kg,14,0,Monday,50,12
2025-12-09,P03,Gula Pasir 1kg,14,1,Tuesday,50,12
2025-12-10,P03,Gula Pasir 1kg,16,2,Wednesday,50,12
2025-12-11,P03,Gula Pasir 1kg,13,3,Thursday,50,12
2025-12-12,P03,Gula Pasir 1kg,16,4,Friday,50,12
2025-12-13,P03,Gula Pasir 1kg,18,5,Saturday,50,12
2025-12-14,P03,Gula Pasir 1kg,16,6,Sunday,50,12
2025-12-15,P03,Gula Pasir 1kg,14,0,Monday,51,12
2025-12-16,P03,Gula Pasir 1kg,13,1,Tuesday,51,12
2025-12-17,P03,Gula Pasir 1kg,15,2,Wednesday,51,12
2025-12-18,P03,Gula Pasir 1kg,14,3,Thursday,51,12
2025-12-19,P03,Gula Pasir 1kg,14,4,Friday,51,12
2025-12-20,P03,Gula Pasir 1kg,18,5,Saturday,51,12
2025-12-21,P03,Gula Pasir 1kg,18,6,Sunday,51,12
2025-12-22,P03,Gula Pasir 1kg,14,0,Monday,52,12
2025-12-23,P03,Gula Pasir 1kg,15,1,Tuesday,52,12
2025-12-24,P03,Gula Pasir 1kg,16,2,Wednesday,52,12
2025-12-25,P03,Gula Pasir 1kg,13,3,Thursday,52,12
2025-12-26,P03,Gula Pasir 1kg,15,4,Friday,52,12
2025-12-27,P03,Gula Pasir 1kg,15,5,Saturday,52,12
2025-12-28,P03,Gula Pasir 1kg,17,6,Sunday,52,12
2025-12-29,P03,Gula Pasir 1kg,15,0,Monday,1,12
2025-12-30,P03,Gula Pasir 1kg,13,1,Tuesday,1,12
2025-12-31,P03,Gula Pasir 1kg,16,2,Wednesday,1,12
2026-01-01,P03,Gula Pasir 1kg,12,3,Thursday,1,1
2026-01-02,P03,Gula Pasir 1kg,11,4,Friday,1,1
2026-01-03,P03,Gula Pasir 1kg,14,5,Saturday,1,1
2026-01-04,P03,Gula Pasir 1kg,12,6,Sunday,1,1
2026-01-05,P03,Gula Pasir 1kg,13,0,Monday,2,1
2026-01-06,P03,Gula Pasir 1kg,11,1,Tuesday,2,1
2026-01-07,P03,Gula Pasir 1kg,10,2,Wednesday,2,1
2026-01-08,P03,Gula Pasir 1kg,12,3,Thursday,2,1
2026-01-09,P03,Gula Pasir 1kg,11,4,Friday,2,1
2026-01-10,P03,Gula Pasir 1kg,14,5,Saturday,2,1
2026-01-11,P03,Gula Pasir 1kg,14,6,Sunday,2,1
2026-01-12,P03,Gula Pasir 1kg,12,0,Monday,3,1
2026-01-13,P03,Gula Pasir 1kg,11,1,Tuesday,3,1
2026-01-14,P03,Gula Pasir 1kg,12,2,Wednesday,3,1
2026-01-15,P03,Gula Pasir 1kg,11,3,Thursday,3,1
2026-01-16,P03,Gula Pasir 1kg,10,4,Friday,3,1
2026-01-17,P03,Gula Pasir 1kg,12,5,Saturday,3,1
2026-01-18,P03,Gula Pasir 1kg,12,6,Sunday,3,1
2026-01-19,P03,Gula Pasir 1kg,11,0,Monday,4,1
2026-01-20,P03,Gula Pasir 1kg,11,1,Tuesday,4,1
2026-01-21,P03,Gula Pasir 1kg,13,2,Wednesday,4,1
2026-01-22,P03,Gula Pasir 1kg,12,3,Thursday,4,1
2026-01-23,P03,Gula Pasir 1kg,11,4,Friday,4,1
2026-01-24,P03,Gula Pasir 1kg,13,5,Saturday,4,1
2026-01-25,P03,Gula Pasir 1kg,14,6,Sunday,4,1
2026-01-26,P03,Gula Pasir 1kg,11,0,Monday,5,1
2026-01-27,P03,Gula Pasir 1kg,11,1,Tuesday,5,1
2026-01-28,P03,Gula Pasir 1kg,11,2,Wednesday,5,1
2026-01-29,P03,Gula Pasir 1kg,12,3,Thursday,5,1
2026-01-30,P03,Gula Pasir 1kg,12,4,Friday,5,1
2026-01-31,P03,Gula Pasir 1kg,14,5,Saturday,5,1
2026-02-01,P03,Gula Pasir 1kg,13,6,Sunday,5,2
2026-02-02,P03,Gula Pasir 1kg,13,0,Monday,6,2
2026-02-03,P03,Gula Pasir 1kg,13,1,Tuesday,6,2
2026-02-04,P03,Gula Pasir 1kg,13,2,Wednesday,6,2
2026-02-05,P03,Gula Pasir 1kg,12,3,Thursday,6,2
2026-02-06,P03,Gula Pasir 1kg,14,4,Friday,6,2
2026-02-07,P03,Gula Pasir 1kg,13,5,Saturday,6,2
2026-02-08,P03,Gula Pasir 1kg,15,6,Sunday,6,2
2026-02-09,P03,Gula Pasir 1kg,11,0,Monday,7,2
2026-02-10,P03,Gula Pasir 1kg,12,1,Tuesday,7,2
2026-02-11,P03,Gula Pasir 1kg,14,2,Wednesday,7,2
2026-02-12,P03,Gula Pasir 1kg,12,3,Thursday,7,2
2026-02-13,P03,Gula Pasir 1kg,11,4,Friday,7,2
2026-02-14,P03,Gula Pasir 1kg,14,5,Saturday,7,2
2026-02-15,P03,Gula Pasir 1kg,16,6,Sunday,7,2
2026-02-16,P03,Gula Pasir 1kg,12,0,Monday,8,2
2026-02-17,P03,Gula Pasir 1kg,13,1,Tuesday,8,2
2026-02-18,P03,Gula Pasir 1kg,12,2,Wednesday,8,2
2026-02-19,P03,Gula Pasir 1kg,13,3,Thursday,8,2
2026-02-20,P03,Gula Pasir 1kg,14,4,Friday,8,2
2026-02-21,P03,Gula Pasir 1kg,14,5,Saturday,8,2
2026-02-22,P03,Gula Pasir 1kg,15,6,Sunday,8,2
2026-02-23,P03,Gula Pasir 1kg,11,0,Monday,9,2
2026-02-24,P03,Gula Pasir 1kg,11,1,Tuesday,9,2
2026-02-25,P03,Gula Pasir 1kg,12,2,Wednesday,9,2
2026-02-26,P03,Gula Pasir 1kg,11,3,Thursday,9,2
2026-02-27,P03,Gula Pasir 1kg,13,4,Friday,9,2
2026-02-28,P03,Gula Pasir 1kg,14,5,Saturday,9,2
2026-03-01,P03,Gula Pasir 1kg,16,6,Sunday,9,3
2026-03-02,P03,Gula Pasir 1kg,15,0,Monday,10,3
2026-03-03,P03,Gula Pasir 1kg,14,1,Tuesday,10,3
2026-03-04,P03,Gula Pasir 1kg,15,2,Wednesday,10,3
2026-03-05,P03,Gula Pasir 1kg,15,3,Thursday,10,3
2026-03-06,P03,Gula Pasir 1kg,15,4,Friday,10,3
2026-03-07,P03,Gula Pasir 1kg,14,5,Saturday,10,3
2026-03-08,P03,Gula Pasir 1kg,15,6,Sunday,10,3
2026-03-09,P03,Gula Pasir 1kg,14,0,Monday,11,3
2026-03-10,P03,Gula Pasir 1kg,15,1,Tuesday,11,3
2026-03-11,P03,Gula Pasir 1kg,14,2,Wednesday,11,3
2026-03-12,P03,Gula Pasir 1kg,15,3,Thursday,11,3
2026-03-13,P03,Gula Pasir 1kg,15,4,Friday,11,3
2026-03-14,P03,Gula Pasir 1kg,18,5,Saturday,11,3
2026-03-15,P03,Gula Pasir 1kg,17,6,Sunday,11,3
2026-03-16,P03,Gula Pasir 1kg,14,0,Monday,12,3
2026-03-17,P03,Gula Pasir 1kg,13,1,Tuesday,12,3
2026-03-18,P03,Gula Pasir 1kg,14,2,Wednesday,12,3
2026-03-19,P03,Gula Pasir 1kg,13,3,Thursday,12,3
2026-03-20,P03,Gula Pasir 1kg,12,4,Friday,12,3
2026-03-21,P03,Gula Pasir 1kg,16,5,Saturday,12,3
2026-03-22,P03,Gula Pasir 1kg,17,6,Sunday,12,3
2026-03-23,P03,Gula Pasir 1kg,13,0,Monday,13,3
2026-03-24,P03,Gula Pasir 1kg,15,1,Tuesday,13,3
2026-03-25,P03,Gula Pasir 1kg,15,2,Wednesday,13,3
2026-03-26,P03,Gula Pasir 1kg,14,3,Thursday,13,3
2026-03-27,P03,Gula Pasir 1kg,14,4,Friday,13,3
2026-03-28,P03,Gula Pasir 1kg,15,5,Saturday,13,3
2026-03-29,P03,Gula Pasir 1kg,14,6,Sunday,13,3
2026-03-30,P03,Gula Pasir 1kg,13,0,Monday,14,3
2026-03-31,P03,Gula Pasir 1kg,15,1,Tuesday,14,3
2026-04-01,P03,Gula Pasir 1kg,13,2,Wednesday,14,4
2026-04-02,P03,Gula Pasir 1kg,15,3,Thursday,14,4
2026-04-03,P03,Gula Pasir 1kg,13,4,Friday,14,4
2026-04-04,P03,Gula Pasir 1kg,16,5,Saturday,14,4
2026-04-05,P03,Gula Pasir 1kg,14,6,Sunday,14,4
2026-04-06,P03,Gula Pasir 1kg,15,0,Monday,15,4
2026-04-07,P03,Gula Pasir 1kg,12,1,Tuesday,15,4
2026-04-08,P03,Gula Pasir 1kg,13,2,Wednesday,15,4
2026-04-09,P03,Gula Pasir 1kg,13,3,Thursday,15,4
2026-04-10,P03,Gula Pasir 1kg,13,4,Friday,15,4
2026-04-11,P03,Gula Pasir 1kg,15,5,Saturday,15,4
2026-04-12,P03,Gula Pasir 1kg,17,6,Sunday,15,4
2026-04-13,P03,Gula Pasir 1kg,13,0,Monday,16,4
2026-04-14,P03,Gula Pasir 1kg,15,1,Tuesday,16,4
2026-04-15,P03,Gula Pasir 1kg,14,2,Wednesday,16,4
2026-04-16,P03,Gula Pasir 1kg,13,3,Thursday,16,4
2026-04-17,P03,Gula Pasir 1kg,14,4,Friday,16,4
2026-04-18,P03,Gula Pasir 1kg,15,5,Saturday,16,4
2026-04-19,P03,Gula Pasir 1kg,15,6,Sunday,16,4
2026-04-20,P03,Gula Pasir 1kg,13,0,Monday,17,4
2026-04-21,P03,Gula Pasir 1kg,15,1,Tuesday,17,4
2026-04-22,P03,Gula Pasir 1kg,15,2,Wednesday,17,4
2026-04-23,P03,Gula Pasir 1kg,15,3,Thursday,17,4
2026-04-24,P03,Gula Pasir 1kg,13,4,Friday,17,4
2026-04-25,P03,Gula Pasir 1kg,16,5,Saturday,17,4
2026-04-26,P03,Gula Pasir 1kg,18,6,Sunday,17,4
2026-04-27,P03,Gula Pasir 1kg,12,0,Monday,18,4
2026-04-28,P03,Gula Pasir 1kg,14,1,Tuesday,18,4
2026-04-29,P03,Gula Pasir 1kg,14,2,Wednesday,18,4
2026-04-30,P03,Gula Pasir 1kg,14,3,Thursday,18,4
2026-05-01,P03,Gula Pasir 1kg,13,4,Friday,18,5
2026-05-02,P03,Gula Pasir 1kg,15,5,Saturday,18,5
2026-05-03,P03,Gula Pasir 1kg,14,6,Sunday,18,5
2026-05-04,P03,Gula Pasir 1kg,13,0,Monday,19,5
2026-05-05,P03,Gula Pasir 1kg,13,1,Tuesday,19,5
2026-05-06,P03,Gula Pasir 1kg,13,2,Wednesday,19,5
2026-05-07,P03,Gula Pasir 1kg,13,3,Thursday,19,5
2026-05-08,P03,Gula Pasir 1kg,12,4,Friday,19,5
2026-05-09,P03,Gula Pasir 1kg,14,5,Saturday,19,5
2026-05-10,P03,Gula Pasir 1kg,16,6,Sunday,19,5
2026-05-11,P03,Gula Pasir 1kg,13,0,Monday,20,5
2026-05-12,P03,Gula Pasir 1kg,11,1,Tuesday,20,5
2026-05-13,P03,Gula Pasir 1kg,14,2,Wednesday,20,5
2026-05-14,P03,Gula Pasir 1kg,12,3,Thursday,20,5
2026-05-15,P03,Gula Pasir 1kg,12,4,Friday,20,5
2026-05-16,P03,Gula Pasir 1kg,13,5,Saturday,20,5
2026-05-17,P03,Gula Pasir 1kg,13,6,Sunday,20,5
2026-05-18,P03,Gula Pasir 1kg,12,0,Monday,21,5
2026-05-19,P03,Gula Pasir 1kg,14,1,Tuesday,21,5
2026-05-20,P03,Gula Pasir 1kg,11,2,Wednesday,21,5
2026-05-21,P03,Gula Pasir 1kg,13,3,Thursday,21,5
2026-05-22,P03,Gula Pasir 1kg,13,4,Friday,21,5
2026-05-23,P03,Gula Pasir 1kg,15,5,Saturday,21,5
2026-05-24,P03,Gula Pasir 1kg,14,6,Sunday,21,5
2026-05-25,P03,Gula Pasir 1kg,12,0,Monday,22,5
2026-05-26,P03,Gula Pasir 1kg,13,1,Tuesday,22,5
2026-05-27,P03,Gula Pasir 1kg,13,2,Wednesday,22,5
2026-05-28,P03,Gula Pasir 1kg,13,3,Thursday,22,5
2026-05-29,P03,Gula Pasir 1kg,12,4,Friday,22,5
2026-05-30,P03,Gula Pasir 1kg,14,5,Saturday,22,5
2026-05-31,P03,Gula Pasir 1kg,14,6,Sunday,22,5
2026-06-01,P03,Gula Pasir 1kg,12,0,Monday,23,6
2026-06-02,P03,Gula Pasir 1kg,13,1,Tuesday,23,6
2026-06-03,P03,Gula Pasir 1kg,13,2,Wednesday,23,6
2026-06-04,P03,Gula Pasir 1kg,12,3,Thursday,23,6
2026-06-05,P03,Gula Pasir 1kg,14,4,Friday,23,6
2026-06-06,P03,Gula Pasir 1kg,13,5,Saturday,23,6
2026-06-07,P03,Gula Pasir 1kg,14,6,Sunday,23,6
2026-06-08,P03,Gula Pasir 1kg,14,0,Monday,24,6
2026-06-09,P03,Gula Pasir 1kg,14,1,Tuesday,24,6
2026-06-10,P03,Gula Pasir 1kg,11,2,Wednesday,24,6
2026-06-11,P03,Gula Pasir 1kg,11,3,Thursday,24,6
2026-06-12,P03,Gula Pasir 1kg,13,4,Friday,24,6
2026-06-13,P03,Gula Pasir 1kg,14,5,Saturday,24,6
2026-06-14,P03,Gula Pasir 1kg,13,6,Sunday,24,6
2026-06-15,P03,Gula Pasir 1kg,12,0,Monday,25,6
2026-06-16,P03,Gula Pasir 1kg,12,1,Tuesday,25,6
2026-06-17,P03,Gula Pasir 1kg,13,2,Wednesday,25,6
2026-06-18,P03,Gula Pasir 1kg,13,3,Thursday,25,6
2026-06-19,P03,Gula Pasir 1kg,13,4,Friday,25,6
2026-06-20,P03,Gula Pasir 1kg,13,5,Saturday,25,6
2026-06-21,P03,Gula Pasir 1kg,16,6,Sunday,25,6
2026-06-22,P03,Gula Pasir 1kg,13,0,Monday,26,6
2026-06-23,P03,Gula Pasir 1kg,13,1,Tuesday,26,6
2026-06-24,P03,Gula Pasir 1kg,12,2,Wednesday,26,6
2026-06-25,P03,Gula Pasir 1kg,13,3,Thursday,26,6
2026-06-26,P03,Gula Pasir 1kg,11,4,Friday,26,6
2026-06-27,P03,Gula Pasir 1kg,14,5,Saturday,26,6
2026-06-28,P03,Gula Pasir 1kg,15,6,Sunday,26,6
2026-06-29,P03,Gula Pasir 1kg,12,0,Monday,27,6
2026-06-30,P03,Gula Pasir 1kg,14,1,Tuesday,27,6
2026-07-01,P03,Gula Pasir 1kg,14,2,Wednesday,27,7
2026-07-02,P03,Gula Pasir 1kg,12,3,Thursday,27,7
2026-07-03,P03,Gula Pasir 1kg,12,4,Friday,27,7
2026-07-04,P03,Gula Pasir 1kg,14,5,Saturday,27,7
2026-07-05,P03,Gula Pasir 1kg,15,6,Sunday,27,7
2026-07-06,P03,Gula Pasir 1kg,14,0,Monday,28,7
2026-07-07,P03,Gula Pasir 1kg,14,1,Tuesday,28,7
2026-07-08,P03,Gula Pasir 1kg,13,2,Wednesday,28,7
2026-07-09,P03,Gula Pasir 1kg,13,3,Thursday,28,7
2026-07-10,P03,Gula Pasir 1kg,12,4,Friday,28,7
2026-07-11,P03,Gula Pasir 1kg,13,5,Saturday,28,7
2026-07-12,P03,Gula Pasir 1kg,14,6,Sunday,28,7
2026-07-13,P03,Gula Pasir 1kg,11,0,Monday,29,7
2026-07-14,P03,Gula Pasir 1kg,12,1,Tuesday,29,7
2026-07-15,P03,Gula Pasir 1kg,13,2,Wednesday,29,7
2026-07-16,P03,Gula Pasir 1kg,11,3,Thursday,29,7
2026-07-17,P03,Gula Pasir 1kg,12,4,Friday,29,7
2026-07-18,P03,Gula Pasir 1kg,13,5,Saturday,29,7
2026-07-19,P03,Gula Pasir 1kg,15,6,Sunday,29,7
2026-07-20,P03,Gula Pasir 1kg,13,0,Monday,30,7
2026-07-21,P03,Gula Pasir 1kg,13,1,Tuesday,30,7
2026-07-22,P03,Gula Pasir 1kg,14,2,Wednesday,30,7
2026-07-23,P03,Gula Pasir 1kg,13,3,Thursday,30,7
2026-07-24,P03,Gula Pasir 1kg,13,4,Friday,30,7
2026-07-25,P03,Gula Pasir 1kg,16,5,Saturday,30,7
2026-07-26,P03,Gula Pasir 1kg,13,6,Sunday,30,7
2026-07-27,P03,Gula Pasir 1kg,14,0,Monday,31,7
2026-07-28,P03,Gula Pasir 1kg,13,1,Tuesday,31,7
2026-07-29,P03,Gula Pasir 1kg,14,2,Wednesday,31,7
2026-07-30,P03,Gula Pasir 1kg,14,3,Thursday,31,7
2026-07-31,P03,Gula Pasir 1kg,14,4,Friday,31,7
2025-08-01,P04,Telur Ayam 1 Papan,18,4,Friday,31,8
2025-08-02,P04,Telur Ayam 1 Papan,25,5,Saturday,31,8
2025-08-03,P04,Telur Ayam 1 Papan,20,6,Sunday,31,8
2025-08-04,P04,Telur Ayam 1 Papan,19,0,Monday,32,8
2025-08-05,P04,Telur Ayam 1 Papan,21,1,Tuesday,32,8
2025-08-06,P04,Telur Ayam 1 Papan,22,2,Wednesday,32,8
2025-08-07,P04,Telur Ayam 1 Papan,21,3,Thursday,32,8
2025-08-08,P04,Telur Ayam 1 Papan,21,4,Friday,32,8
2025-08-09,P04,Telur Ayam 1 Papan,25,5,Saturday,32,8
2025-08-10,P04,Telur Ayam 1 Papan,24,6,Sunday,32,8
2025-08-11,P04,Telur Ayam 1 Papan,18,0,Monday,33,8
2025-08-12,P04,Telur Ayam 1 Papan,20,1,Tuesday,33,8
2025-08-13,P04,Telur Ayam 1 Papan,18,2,Wednesday,33,8
2025-08-14,P04,Telur Ayam 1 Papan,22,3,Thursday,33,8
2025-08-15,P04,Telur Ayam 1 Papan,19,4,Friday,33,8
2025-08-16,P04,Telur Ayam 1 Papan,24,5,Saturday,33,8
2025-08-17,P04,Telur Ayam 1 Papan,22,6,Sunday,33,8
2025-08-18,P04,Telur Ayam 1 Papan,18,0,Monday,34,8
2025-08-19,P04,Telur Ayam 1 Papan,20,1,Tuesday,34,8
2025-08-20,P04,Telur Ayam 1 Papan,19,2,Wednesday,34,8
2025-08-21,P04,Telur Ayam 1 Papan,21,3,Thursday,34,8
2025-08-22,P04,Telur Ayam 1 Papan,21,4,Friday,34,8
2025-08-23,P04,Telur Ayam 1 Papan,21,5,Saturday,34,8
2025-08-24,P04,Telur Ayam 1 Papan,25,6,Sunday,34,8
2025-08-25,P04,Telur Ayam 1 Papan,20,0,Monday,35,8
2025-08-26,P04,Telur Ayam 1 Papan,18,1,Tuesday,35,8
2025-08-27,P04,Telur Ayam 1 Papan,22,2,Wednesday,35,8
2025-08-28,P04,Telur Ayam 1 Papan,20,3,Thursday,35,8
2025-08-29,P04,Telur Ayam 1 Papan,20,4,Friday,35,8
2025-08-30,P04,Telur Ayam 1 Papan,23,5,Saturday,35,8
2025-08-31,P04,Telur Ayam 1 Papan,21,6,Sunday,35,8
2025-09-01,P04,Telur Ayam 1 Papan,19,0,Monday,36,9
2025-09-02,P04,Telur Ayam 1 Papan,20,1,Tuesday,36,9
2025-09-03,P04,Telur Ayam 1 Papan,20,2,Wednesday,36,9
2025-09-04,P04,Telur Ayam 1 Papan,20,3,Thursday,36,9
2025-09-05,P04,Telur Ayam 1 Papan,18,4,Friday,36,9
2025-09-06,P04,Telur Ayam 1 Papan,23,5,Saturday,36,9
2025-09-07,P04,Telur Ayam 1 Papan,22,6,Sunday,36,9
2025-09-08,P04,Telur Ayam 1 Papan,19,0,Monday,37,9
2025-09-09,P04,Telur Ayam 1 Papan,18,1,Tuesday,37,9
2025-09-10,P04,Telur Ayam 1 Papan,20,2,Wednesday,37,9
2025-09-11,P04,Telur Ayam 1 Papan,22,3,Thursday,37,9
2025-09-12,P04,Telur Ayam 1 Papan,18,4,Friday,37,9
2025-09-13,P04,Telur Ayam 1 Papan,22,5,Saturday,37,9
2025-09-14,P04,Telur Ayam 1 Papan,23,6,Sunday,37,9
2025-09-15,P04,Telur Ayam 1 Papan,18,0,Monday,38,9
2025-09-16,P04,Telur Ayam 1 Papan,23,1,Tuesday,38,9
2025-09-17,P04,Telur Ayam 1 Papan,22,2,Wednesday,38,9
2025-09-18,P04,Telur Ayam 1 Papan,19,3,Thursday,38,9
2025-09-19,P04,Telur Ayam 1 Papan,21,4,Friday,38,9
2025-09-20,P04,Telur Ayam 1 Papan,23,5,Saturday,38,9
2025-09-21,P04,Telur Ayam 1 Papan,23,6,Sunday,38,9
2025-09-22,P04,Telur Ayam 1 Papan,22,0,Monday,39,9
2025-09-23,P04,Telur Ayam 1 Papan,20,1,Tuesday,39,9
2025-09-24,P04,Telur Ayam 1 Papan,22,2,Wednesday,39,9
2025-09-25,P04,Telur Ayam 1 Papan,21,3,Thursday,39,9
2025-09-26,P04,Telur Ayam 1 Papan,19,4,Friday,39,9
2025-09-27,P04,Telur Ayam 1 Papan,26,5,Saturday,39,9
2025-09-28,P04,Telur Ayam 1 Papan,26,6,Sunday,39,9
2025-09-29,P04,Telur Ayam 1 Papan,19,0,Monday,40,9
2025-09-30,P04,Telur Ayam 1 Papan,18,1,Tuesday,40,9
2025-10-01,P04,Telur Ayam 1 Papan,21,2,Wednesday,40,10
2025-10-02,P04,Telur Ayam 1 Papan,20,3,Thursday,40,10
2025-10-03,P04,Telur Ayam 1 Papan,18,4,Friday,40,10
2025-10-04,P04,Telur Ayam 1 Papan,23,5,Saturday,40,10
2025-10-05,P04,Telur Ayam 1 Papan,25,6,Sunday,40,10
2025-10-06,P04,Telur Ayam 1 Papan,21,0,Monday,41,10
2025-10-07,P04,Telur Ayam 1 Papan,22,1,Tuesday,41,10
2025-10-08,P04,Telur Ayam 1 Papan,19,2,Wednesday,41,10
2025-10-09,P04,Telur Ayam 1 Papan,19,3,Thursday,41,10
2025-10-10,P04,Telur Ayam 1 Papan,22,4,Friday,41,10
2025-10-11,P04,Telur Ayam 1 Papan,24,5,Saturday,41,10
2025-10-12,P04,Telur Ayam 1 Papan,25,6,Sunday,41,10
2025-10-13,P04,Telur Ayam 1 Papan,19,0,Monday,42,10
2025-10-14,P04,Telur Ayam 1 Papan,22,1,Tuesday,42,10
2025-10-15,P04,Telur Ayam 1 Papan,23,2,Wednesday,42,10
2025-10-16,P04,Telur Ayam 1 Papan,21,3,Thursday,42,10
2025-10-17,P04,Telur Ayam 1 Papan,22,4,Friday,42,10
2025-10-18,P04,Telur Ayam 1 Papan,23,5,Saturday,42,10
2025-10-19,P04,Telur Ayam 1 Papan,24,6,Sunday,42,10
2025-10-20,P04,Telur Ayam 1 Papan,19,0,Monday,43,10
2025-10-21,P04,Telur Ayam 1 Papan,21,1,Tuesday,43,10
2025-10-22,P04,Telur Ayam 1 Papan,20,2,Wednesday,43,10
2025-10-23,P04,Telur Ayam 1 Papan,22,3,Thursday,43,10
2025-10-24,P04,Telur Ayam 1 Papan,20,4,Friday,43,10
2025-10-25,P04,Telur Ayam 1 Papan,24,5,Saturday,43,10
2025-10-26,P04,Telur Ayam 1 Papan,25,6,Sunday,43,10
2025-10-27,P04,Telur Ayam 1 Papan,18,0,Monday,44,10
2025-10-28,P04,Telur Ayam 1 Papan,22,1,Tuesday,44,10
2025-10-29,P04,Telur Ayam 1 Papan,18,2,Wednesday,44,10
2025-10-30,P04,Telur Ayam 1 Papan,22,3,Thursday,44,10
2025-10-31,P04,Telur Ayam 1 Papan,22,4,Friday,44,10
2025-11-01,P04,Telur Ayam 1 Papan,28,5,Saturday,44,11
2025-11-02,P04,Telur Ayam 1 Papan,28,6,Sunday,44,11
2025-11-03,P04,Telur Ayam 1 Papan,23,0,Monday,45,11
2025-11-04,P04,Telur Ayam 1 Papan,26,1,Tuesday,45,11
2025-11-05,P04,Telur Ayam 1 Papan,26,2,Wednesday,45,11
2025-11-06,P04,Telur Ayam 1 Papan,26,3,Thursday,45,11
2025-11-07,P04,Telur Ayam 1 Papan,26,4,Friday,45,11
2025-11-08,P04,Telur Ayam 1 Papan,24,5,Saturday,45,11
2025-11-09,P04,Telur Ayam 1 Papan,29,6,Sunday,45,11
2025-11-10,P04,Telur Ayam 1 Papan,23,0,Monday,46,11
2025-11-11,P04,Telur Ayam 1 Papan,22,1,Tuesday,46,11
2025-11-12,P04,Telur Ayam 1 Papan,25,2,Wednesday,46,11
2025-11-13,P04,Telur Ayam 1 Papan,23,3,Thursday,46,11
2025-11-14,P04,Telur Ayam 1 Papan,27,4,Friday,46,11
2025-11-15,P04,Telur Ayam 1 Papan,29,5,Saturday,46,11
2025-11-16,P04,Telur Ayam 1 Papan,28,6,Sunday,46,11
2025-11-17,P04,Telur Ayam 1 Papan,24,0,Monday,47,11
2025-11-18,P04,Telur Ayam 1 Papan,25,1,Tuesday,47,11
2025-11-19,P04,Telur Ayam 1 Papan,25,2,Wednesday,47,11
2025-11-20,P04,Telur Ayam 1 Papan,22,3,Thursday,47,11
2025-11-21,P04,Telur Ayam 1 Papan,24,4,Friday,47,11
2025-11-22,P04,Telur Ayam 1 Papan,26,5,Saturday,47,11
2025-11-23,P04,Telur Ayam 1 Papan,29,6,Sunday,47,11
2025-11-24,P04,Telur Ayam 1 Papan,23,0,Monday,48,11
2025-11-25,P04,Telur Ayam 1 Papan,25,1,Tuesday,48,11
2025-11-26,P04,Telur Ayam 1 Papan,26,2,Wednesday,48,11
2025-11-27,P04,Telur Ayam 1 Papan,24,3,Thursday,48,11
2025-11-28,P04,Telur Ayam 1 Papan,24,4,Friday,48,11
2025-11-29,P04,Telur Ayam 1 Papan,29,5,Saturday,48,11
2025-11-30,P04,Telur Ayam 1 Papan,26,6,Sunday,48,11
2025-12-01,P04,Telur Ayam 1 Papan,24,0,Monday,49,12
2025-12-02,P04,Telur Ayam 1 Papan,26,1,Tuesday,49,12
2025-12-03,P04,Telur Ayam 1 Papan,25,2,Wednesday,49,12
2025-12-04,P04,Telur Ayam 1 Papan,22,3,Thursday,49,12
2025-12-05,P04,Telur Ayam 1 Papan,26,4,Friday,49,12
2025-12-06,P04,Telur Ayam 1 Papan,27,5,Saturday,49,12
2025-12-07,P04,Telur Ayam 1 Papan,28,6,Sunday,49,12
2025-12-08,P04,Telur Ayam 1 Papan,25,0,Monday,50,12
2025-12-09,P04,Telur Ayam 1 Papan,24,1,Tuesday,50,12
2025-12-10,P04,Telur Ayam 1 Papan,22,2,Wednesday,50,12
2025-12-11,P04,Telur Ayam 1 Papan,26,3,Thursday,50,12
2025-12-12,P04,Telur Ayam 1 Papan,24,4,Friday,50,12
2025-12-13,P04,Telur Ayam 1 Papan,31,5,Saturday,50,12
2025-12-14,P04,Telur Ayam 1 Papan,25,6,Sunday,50,12
2025-12-15,P04,Telur Ayam 1 Papan,21,0,Monday,51,12
2025-12-16,P04,Telur Ayam 1 Papan,25,1,Tuesday,51,12
2025-12-17,P04,Telur Ayam 1 Papan,26,2,Wednesday,51,12
2025-12-18,P04,Telur Ayam 1 Papan,23,3,Thursday,51,12
2025-12-19,P04,Telur Ayam 1 Papan,25,4,Friday,51,12
2025-12-20,P04,Telur Ayam 1 Papan,25,5,Saturday,51,12
2025-12-21,P04,Telur Ayam 1 Papan,30,6,Sunday,51,12
2025-12-22,P04,Telur Ayam 1 Papan,22,0,Monday,52,12
2025-12-23,P04,Telur Ayam 1 Papan,25,1,Tuesday,52,12
2025-12-24,P04,Telur Ayam 1 Papan,24,2,Wednesday,52,12
2025-12-25,P04,Telur Ayam 1 Papan,24,3,Thursday,52,12
2025-12-26,P04,Telur Ayam 1 Papan,22,4,Friday,52,12
2025-12-27,P04,Telur Ayam 1 Papan,26,5,Saturday,52,12
2025-12-28,P04,Telur Ayam 1 Papan,25,6,Sunday,52,12
2025-12-29,P04,Telur Ayam 1 Papan,21,0,Monday,1,12
2025-12-30,P04,Telur Ayam 1 Papan,22,1,Tuesday,1,12
2025-12-31,P04,Telur Ayam 1 Papan,24,2,Wednesday,1,12
2026-01-01,P04,Telur Ayam 1 Papan,20,3,Thursday,1,1
2026-01-02,P04,Telur Ayam 1 Papan,21,4,Friday,1,1
2026-01-03,P04,Telur Ayam 1 Papan,21,5,Saturday,1,1
2026-01-04,P04,Telur Ayam 1 Papan,21,6,Sunday,1,1
2026-01-05,P04,Telur Ayam 1 Papan,20,0,Monday,2,1
2026-01-06,P04,Telur Ayam 1 Papan,21,1,Tuesday,2,1
2026-01-07,P04,Telur Ayam 1 Papan,21,2,Wednesday,2,1
2026-01-08,P04,Telur Ayam 1 Papan,18,3,Thursday,2,1
2026-01-09,P04,Telur Ayam 1 Papan,18,4,Friday,2,1
2026-01-10,P04,Telur Ayam 1 Papan,25,5,Saturday,2,1
2026-01-11,P04,Telur Ayam 1 Papan,25,6,Sunday,2,1
2026-01-12,P04,Telur Ayam 1 Papan,19,0,Monday,3,1
2026-01-13,P04,Telur Ayam 1 Papan,19,1,Tuesday,3,1
2026-01-14,P04,Telur Ayam 1 Papan,19,2,Wednesday,3,1
2026-01-15,P04,Telur Ayam 1 Papan,22,3,Thursday,3,1
2026-01-16,P04,Telur Ayam 1 Papan,21,4,Friday,3,1
2026-01-17,P04,Telur Ayam 1 Papan,21,5,Saturday,3,1
2026-01-18,P04,Telur Ayam 1 Papan,24,6,Sunday,3,1
2026-01-19,P04,Telur Ayam 1 Papan,18,0,Monday,4,1
2026-01-20,P04,Telur Ayam 1 Papan,20,1,Tuesday,4,1
2026-01-21,P04,Telur Ayam 1 Papan,18,2,Wednesday,4,1
2026-01-22,P04,Telur Ayam 1 Papan,21,3,Thursday,4,1
2026-01-23,P04,Telur Ayam 1 Papan,22,4,Friday,4,1
2026-01-24,P04,Telur Ayam 1 Papan,22,5,Saturday,4,1
2026-01-25,P04,Telur Ayam 1 Papan,21,6,Sunday,4,1
2026-01-26,P04,Telur Ayam 1 Papan,19,0,Monday,5,1
2026-01-27,P04,Telur Ayam 1 Papan,18,1,Tuesday,5,1
2026-01-28,P04,Telur Ayam 1 Papan,19,2,Wednesday,5,1
2026-01-29,P04,Telur Ayam 1 Papan,19,3,Thursday,5,1
2026-01-30,P04,Telur Ayam 1 Papan,18,4,Friday,5,1
2026-01-31,P04,Telur Ayam 1 Papan,24,5,Saturday,5,1
2026-02-01,P04,Telur Ayam 1 Papan,26,6,Sunday,5,2
2026-02-02,P04,Telur Ayam 1 Papan,20,0,Monday,6,2
2026-02-03,P04,Telur Ayam 1 Papan,19,1,Tuesday,6,2
2026-02-04,P04,Telur Ayam 1 Papan,23,2,Wednesday,6,2
2026-02-05,P04,Telur Ayam 1 Papan,21,3,Thursday,6,2
2026-02-06,P04,Telur Ayam 1 Papan,21,4,Friday,6,2
2026-02-07,P04,Telur Ayam 1 Papan,25,5,Saturday,6,2
2026-02-08,P04,Telur Ayam 1 Papan,23,6,Sunday,6,2
2026-02-09,P04,Telur Ayam 1 Papan,19,0,Monday,7,2
2026-02-10,P04,Telur Ayam 1 Papan,20,1,Tuesday,7,2
2026-02-11,P04,Telur Ayam 1 Papan,21,2,Wednesday,7,2
2026-02-12,P04,Telur Ayam 1 Papan,21,3,Thursday,7,2
2026-02-13,P04,Telur Ayam 1 Papan,21,4,Friday,7,2
2026-02-14,P04,Telur Ayam 1 Papan,22,5,Saturday,7,2
2026-02-15,P04,Telur Ayam 1 Papan,22,6,Sunday,7,2
2026-02-16,P04,Telur Ayam 1 Papan,22,0,Monday,8,2
2026-02-17,P04,Telur Ayam 1 Papan,22,1,Tuesday,8,2
2026-02-18,P04,Telur Ayam 1 Papan,22,2,Wednesday,8,2
2026-02-19,P04,Telur Ayam 1 Papan,23,3,Thursday,8,2
2026-02-20,P04,Telur Ayam 1 Papan,22,4,Friday,8,2
2026-02-21,P04,Telur Ayam 1 Papan,25,5,Saturday,8,2
2026-02-22,P04,Telur Ayam 1 Papan,25,6,Sunday,8,2
2026-02-23,P04,Telur Ayam 1 Papan,23,0,Monday,9,2
2026-02-24,P04,Telur Ayam 1 Papan,20,1,Tuesday,9,2
2026-02-25,P04,Telur Ayam 1 Papan,18,2,Wednesday,9,2
2026-02-26,P04,Telur Ayam 1 Papan,19,3,Thursday,9,2
2026-02-27,P04,Telur Ayam 1 Papan,19,4,Friday,9,2
2026-02-28,P04,Telur Ayam 1 Papan,26,5,Saturday,9,2
2026-03-01,P04,Telur Ayam 1 Papan,28,6,Sunday,9,3
2026-03-02,P04,Telur Ayam 1 Papan,21,0,Monday,10,3
2026-03-03,P04,Telur Ayam 1 Papan,22,1,Tuesday,10,3
2026-03-04,P04,Telur Ayam 1 Papan,20,2,Wednesday,10,3
2026-03-05,P04,Telur Ayam 1 Papan,24,3,Thursday,10,3
2026-03-06,P04,Telur Ayam 1 Papan,25,4,Friday,10,3
2026-03-07,P04,Telur Ayam 1 Papan,28,5,Saturday,10,3
2026-03-08,P04,Telur Ayam 1 Papan,26,6,Sunday,10,3
2026-03-09,P04,Telur Ayam 1 Papan,24,0,Monday,11,3
2026-03-10,P04,Telur Ayam 1 Papan,25,1,Tuesday,11,3
2026-03-11,P04,Telur Ayam 1 Papan,25,2,Wednesday,11,3
2026-03-12,P04,Telur Ayam 1 Papan,22,3,Thursday,11,3
2026-03-13,P04,Telur Ayam 1 Papan,23,4,Friday,11,3
2026-03-14,P04,Telur Ayam 1 Papan,27,5,Saturday,11,3
2026-03-15,P04,Telur Ayam 1 Papan,29,6,Sunday,11,3
2026-03-16,P04,Telur Ayam 1 Papan,22,0,Monday,12,3
2026-03-17,P04,Telur Ayam 1 Papan,21,1,Tuesday,12,3
2026-03-18,P04,Telur Ayam 1 Papan,22,2,Wednesday,12,3
2026-03-19,P04,Telur Ayam 1 Papan,25,3,Thursday,12,3
2026-03-20,P04,Telur Ayam 1 Papan,24,4,Friday,12,3
2026-03-21,P04,Telur Ayam 1 Papan,26,5,Saturday,12,3
2026-03-22,P04,Telur Ayam 1 Papan,24,6,Sunday,12,3
2026-03-23,P04,Telur Ayam 1 Papan,22,0,Monday,13,3
2026-03-24,P04,Telur Ayam 1 Papan,23,1,Tuesday,13,3
2026-03-25,P04,Telur Ayam 1 Papan,24,2,Wednesday,13,3
2026-03-26,P04,Telur Ayam 1 Papan,21,3,Thursday,13,3
2026-03-27,P04,Telur Ayam 1 Papan,24,4,Friday,13,3
2026-03-28,P04,Telur Ayam 1 Papan,25,5,Saturday,13,3
2026-03-29,P04,Telur Ayam 1 Papan,26,6,Sunday,13,3
2026-03-30,P04,Telur Ayam 1 Papan,22,0,Monday,14,3
2026-03-31,P04,Telur Ayam 1 Papan,26,1,Tuesday,14,3
2026-04-01,P04,Telur Ayam 1 Papan,25,2,Wednesday,14,4
2026-04-02,P04,Telur Ayam 1 Papan,25,3,Thursday,14,4
2026-04-03,P04,Telur Ayam 1 Papan,25,4,Friday,14,4
2026-04-04,P04,Telur Ayam 1 Papan,27,5,Saturday,14,4
2026-04-05,P04,Telur Ayam 1 Papan,26,6,Sunday,14,4
2026-04-06,P04,Telur Ayam 1 Papan,23,0,Monday,15,4
2026-04-07,P04,Telur Ayam 1 Papan,24,1,Tuesday,15,4
2026-04-08,P04,Telur Ayam 1 Papan,24,2,Wednesday,15,4
2026-04-09,P04,Telur Ayam 1 Papan,25,3,Thursday,15,4
2026-04-10,P04,Telur Ayam 1 Papan,24,4,Friday,15,4
2026-04-11,P04,Telur Ayam 1 Papan,24,5,Saturday,15,4
2026-04-12,P04,Telur Ayam 1 Papan,29,6,Sunday,15,4
2026-04-13,P04,Telur Ayam 1 Papan,23,0,Monday,16,4
2026-04-14,P04,Telur Ayam 1 Papan,25,1,Tuesday,16,4
2026-04-15,P04,Telur Ayam 1 Papan,21,2,Wednesday,16,4
2026-04-16,P04,Telur Ayam 1 Papan,24,3,Thursday,16,4
2026-04-17,P04,Telur Ayam 1 Papan,25,4,Friday,16,4
2026-04-18,P04,Telur Ayam 1 Papan,28,5,Saturday,16,4
2026-04-19,P04,Telur Ayam 1 Papan,25,6,Sunday,16,4
2026-04-20,P04,Telur Ayam 1 Papan,25,0,Monday,17,4
2026-04-21,P04,Telur Ayam 1 Papan,26,1,Tuesday,17,4
2026-04-22,P04,Telur Ayam 1 Papan,25,2,Wednesday,17,4
2026-04-23,P04,Telur Ayam 1 Papan,20,3,Thursday,17,4
2026-04-24,P04,Telur Ayam 1 Papan,24,4,Friday,17,4
2026-04-25,P04,Telur Ayam 1 Papan,25,5,Saturday,17,4
2026-04-26,P04,Telur Ayam 1 Papan,27,6,Sunday,17,4
2026-04-27,P04,Telur Ayam 1 Papan,21,0,Monday,18,4
2026-04-28,P04,Telur Ayam 1 Papan,20,1,Tuesday,18,4
2026-04-29,P04,Telur Ayam 1 Papan,23,2,Wednesday,18,4
2026-04-30,P04,Telur Ayam 1 Papan,24,3,Thursday,18,4
2026-05-01,P04,Telur Ayam 1 Papan,23,4,Friday,18,5
2026-05-02,P04,Telur Ayam 1 Papan,21,5,Saturday,18,5
2026-05-03,P04,Telur Ayam 1 Papan,26,6,Sunday,18,5
2026-05-04,P04,Telur Ayam 1 Papan,20,0,Monday,19,5
2026-05-05,P04,Telur Ayam 1 Papan,23,1,Tuesday,19,5
2026-05-06,P04,Telur Ayam 1 Papan,20,2,Wednesday,19,5
2026-05-07,P04,Telur Ayam 1 Papan,22,3,Thursday,19,5
2026-05-08,P04,Telur Ayam 1 Papan,21,4,Friday,19,5
2026-05-09,P04,Telur Ayam 1 Papan,24,5,Saturday,19,5
2026-05-10,P04,Telur Ayam 1 Papan,24,6,Sunday,19,5
2026-05-11,P04,Telur Ayam 1 Papan,20,0,Monday,20,5
2026-05-12,P04,Telur Ayam 1 Papan,22,1,Tuesday,20,5
2026-05-13,P04,Telur Ayam 1 Papan,20,2,Wednesday,20,5
2026-05-14,P04,Telur Ayam 1 Papan,22,3,Thursday,20,5
2026-05-15,P04,Telur Ayam 1 Papan,23,4,Friday,20,5
2026-05-16,P04,Telur Ayam 1 Papan,27,5,Saturday,20,5
2026-05-17,P04,Telur Ayam 1 Papan,25,6,Sunday,20,5
2026-05-18,P04,Telur Ayam 1 Papan,19,0,Monday,21,5
2026-05-19,P04,Telur Ayam 1 Papan,22,1,Tuesday,21,5
2026-05-20,P04,Telur Ayam 1 Papan,22,2,Wednesday,21,5
2026-05-21,P04,Telur Ayam 1 Papan,23,3,Thursday,21,5
2026-05-22,P04,Telur Ayam 1 Papan,19,4,Friday,21,5
2026-05-23,P04,Telur Ayam 1 Papan,26,5,Saturday,21,5
2026-05-24,P04,Telur Ayam 1 Papan,24,6,Sunday,21,5
2026-05-25,P04,Telur Ayam 1 Papan,22,0,Monday,22,5
2026-05-26,P04,Telur Ayam 1 Papan,20,1,Tuesday,22,5
2026-05-27,P04,Telur Ayam 1 Papan,23,2,Wednesday,22,5
2026-05-28,P04,Telur Ayam 1 Papan,20,3,Thursday,22,5
2026-05-29,P04,Telur Ayam 1 Papan,19,4,Friday,22,5
2026-05-30,P04,Telur Ayam 1 Papan,23,5,Saturday,22,5
2026-05-31,P04,Telur Ayam 1 Papan,23,6,Sunday,22,5
2026-06-01,P04,Telur Ayam 1 Papan,20,0,Monday,23,6
2026-06-02,P04,Telur Ayam 1 Papan,23,1,Tuesday,23,6
2026-06-03,P04,Telur Ayam 1 Papan,19,2,Wednesday,23,6
2026-06-04,P04,Telur Ayam 1 Papan,20,3,Thursday,23,6
2026-06-05,P04,Telur Ayam 1 Papan,22,4,Friday,23,6
2026-06-06,P04,Telur Ayam 1 Papan,27,5,Saturday,23,6
2026-06-07,P04,Telur Ayam 1 Papan,27,6,Sunday,23,6
2026-06-08,P04,Telur Ayam 1 Papan,19,0,Monday,24,6
2026-06-09,P04,Telur Ayam 1 Papan,19,1,Tuesday,24,6
2026-06-10,P04,Telur Ayam 1 Papan,22,2,Wednesday,24,6
2026-06-11,P04,Telur Ayam 1 Papan,23,3,Thursday,24,6
2026-06-12,P04,Telur Ayam 1 Papan,19,4,Friday,24,6
2026-06-13,P04,Telur Ayam 1 Papan,25,5,Saturday,24,6
2026-06-14,P04,Telur Ayam 1 Papan,24,6,Sunday,24,6
2026-06-15,P04,Telur Ayam 1 Papan,20,0,Monday,25,6
2026-06-16,P04,Telur Ayam 1 Papan,23,1,Tuesday,25,6
2026-06-17,P04,Telur Ayam 1 Papan,23,2,Wednesday,25,6
2026-06-18,P04,Telur Ayam 1 Papan,22,3,Thursday,25,6
2026-06-19,P04,Telur Ayam 1 Papan,19,4,Friday,25,6
2026-06-20,P04,Telur Ayam 1 Papan,22,5,Saturday,25,6
2026-06-21,P04,Telur Ayam 1 Papan,23,6,Sunday,25,6
2026-06-22,P04,Telur Ayam 1 Papan,19,0,Monday,26,6
2026-06-23,P04,Telur Ayam 1 Papan,21,1,Tuesday,26,6
2026-06-24,P04,Telur Ayam 1 Papan,23,2,Wednesday,26,6
2026-06-25,P04,Telur Ayam 1 Papan,23,3,Thursday,26,6
2026-06-26,P04,Telur Ayam 1 Papan,23,4,Friday,26,6
2026-06-27,P04,Telur Ayam 1 Papan,22,5,Saturday,26,6
2026-06-28,P04,Telur Ayam 1 Papan,26,6,Sunday,26,6
2026-06-29,P04,Telur Ayam 1 Papan,19,0,Monday,27,6
2026-06-30,P04,Telur Ayam 1 Papan,19,1,Tuesday,27,6
2026-07-01,P04,Telur Ayam 1 Papan,19,2,Wednesday,27,7
2026-07-02,P04,Telur Ayam 1 Papan,22,3,Thursday,27,7
2026-07-03,P04,Telur Ayam 1 Papan,22,4,Friday,27,7
2026-07-04,P04,Telur Ayam 1 Papan,23,5,Saturday,27,7
2026-07-05,P04,Telur Ayam 1 Papan,25,6,Sunday,27,7
2026-07-06,P04,Telur Ayam 1 Papan,23,0,Monday,28,7
2026-07-07,P04,Telur Ayam 1 Papan,24,1,Tuesday,28,7
2026-07-08,P04,Telur Ayam 1 Papan,23,2,Wednesday,28,7
2026-07-09,P04,Telur Ayam 1 Papan,24,3,Thursday,28,7
2026-07-10,P04,Telur Ayam 1 Papan,19,4,Friday,28,7
2026-07-11,P04,Telur Ayam 1 Papan,25,5,Saturday,28,7
2026-07-12,P04,Telur Ayam 1 Papan,23,6,Sunday,28,7
2026-07-13,P04,Telur Ayam 1 Papan,22,0,Monday,29,7
2026-07-14,P04,Telur Ayam 1 Papan,20,1,Tuesday,29,7
2026-07-15,P04,Telur Ayam 1 Papan,21,2,Wednesday,29,7
2026-07-16,P04,Telur Ayam 1 Papan,21,3,Thursday,29,7
2026-07-17,P04,Telur Ayam 1 Papan,20,4,Friday,29,7
2026-07-18,P04,Telur Ayam 1 Papan,22,5,Saturday,29,7
2026-07-19,P04,Telur Ayam 1 Papan,23,6,Sunday,29,7
2026-07-20,P04,Telur Ayam 1 Papan,20,0,Monday,30,7
2026-07-21,P04,Telur Ayam 1 Papan,22,1,Tuesday,30,7
2026-07-22,P04,Telur Ayam 1 Papan,23,2,Wednesday,30,7
2026-07-23,P04,Telur Ayam 1 Papan,20,3,Thursday,30,7
2026-07-24,P04,Telur Ayam 1 Papan,23,4,Friday,30,7
2026-07-25,P04,Telur Ayam 1 Papan,25,5,Saturday,30,7
2026-07-26,P04,Telur Ayam 1 Papan,22,6,Sunday,30,7
2026-07-27,P04,Telur Ayam 1 Papan,19,0,Monday,31,7
2026-07-28,P04,Telur Ayam 1 Papan,22,1,Tuesday,31,7
2026-07-29,P04,Telur Ayam 1 Papan,23,2,Wednesday,31,7
2026-07-30,P04,Telur Ayam 1 Papan,19,3,Thursday,31,7
2026-07-31,P04,Telur Ayam 1 Papan,19,4,Friday,31,7
2025-08-01,P05,Mie Instan 1 Dus,27,4,Friday,31,8
2025-08-02,P05,Mie Instan 1 Dus,26,5,Saturday,31,8
2025-08-03,P05,Mie Instan 1 Dus,28,6,Sunday,31,8
2025-08-04,P05,Mie Instan 1 Dus,25,0,Monday,32,8
2025-08-05,P05,Mie Instan 1 Dus,22,1,Tuesday,32,8
2025-08-06,P05,Mie Instan 1 Dus,27,2,Wednesday,32,8
2025-08-07,P05,Mie Instan 1 Dus,25,3,Thursday,32,8
2025-08-08,P05,Mie Instan 1 Dus,25,4,Friday,32,8
2025-08-09,P05,Mie Instan 1 Dus,29,5,Saturday,32,8
2025-08-10,P05,Mie Instan 1 Dus,27,6,Sunday,32,8
2025-08-11,P05,Mie Instan 1 Dus,24,0,Monday,33,8
2025-08-12,P05,Mie Instan 1 Dus,24,1,Tuesday,33,8
2025-08-13,P05,Mie Instan 1 Dus,24,2,Wednesday,33,8
2025-08-14,P05,Mie Instan 1 Dus,26,3,Thursday,33,8
2025-08-15,P05,Mie Instan 1 Dus,25,4,Friday,33,8
2025-08-16,P05,Mie Instan 1 Dus,26,5,Saturday,33,8
2025-08-17,P05,Mie Instan 1 Dus,27,6,Sunday,33,8
2025-08-18,P05,Mie Instan 1 Dus,24,0,Monday,34,8
2025-08-19,P05,Mie Instan 1 Dus,23,1,Tuesday,34,8
2025-08-20,P05,Mie Instan 1 Dus,25,2,Wednesday,34,8
2025-08-21,P05,Mie Instan 1 Dus,28,3,Thursday,34,8
2025-08-22,P05,Mie Instan 1 Dus,24,4,Friday,34,8
2025-08-23,P05,Mie Instan 1 Dus,29,5,Saturday,34,8
2025-08-24,P05,Mie Instan 1 Dus,31,6,Sunday,34,8
2025-08-25,P05,Mie Instan 1 Dus,26,0,Monday,35,8
2025-08-26,P05,Mie Instan 1 Dus,26,1,Tuesday,35,8
2025-08-27,P05,Mie Instan 1 Dus,26,2,Wednesday,35,8
2025-08-28,P05,Mie Instan 1 Dus,27,3,Thursday,35,8
2025-08-29,P05,Mie Instan 1 Dus,24,4,Friday,35,8
2025-08-30,P05,Mie Instan 1 Dus,27,5,Saturday,35,8
2025-08-31,P05,Mie Instan 1 Dus,27,6,Sunday,35,8
2025-09-01,P05,Mie Instan 1 Dus,26,0,Monday,36,9
2025-09-02,P05,Mie Instan 1 Dus,28,1,Tuesday,36,9
2025-09-03,P05,Mie Instan 1 Dus,27,2,Wednesday,36,9
2025-09-04,P05,Mie Instan 1 Dus,25,3,Thursday,36,9
2025-09-05,P05,Mie Instan 1 Dus,26,4,Friday,36,9
2025-09-06,P05,Mie Instan 1 Dus,30,5,Saturday,36,9
2025-09-07,P05,Mie Instan 1 Dus,30,6,Sunday,36,9
2025-09-08,P05,Mie Instan 1 Dus,27,0,Monday,37,9
2025-09-09,P05,Mie Instan 1 Dus,25,1,Tuesday,37,9
2025-09-10,P05,Mie Instan 1 Dus,24,2,Wednesday,37,9
2025-09-11,P05,Mie Instan 1 Dus,24,3,Thursday,37,9
2025-09-12,P05,Mie Instan 1 Dus,26,4,Friday,37,9
2025-09-13,P05,Mie Instan 1 Dus,29,5,Saturday,37,9
2025-09-14,P05,Mie Instan 1 Dus,32,6,Sunday,37,9
2025-09-15,P05,Mie Instan 1 Dus,26,0,Monday,38,9
2025-09-16,P05,Mie Instan 1 Dus,23,1,Tuesday,38,9
2025-09-17,P05,Mie Instan 1 Dus,25,2,Wednesday,38,9
2025-09-18,P05,Mie Instan 1 Dus,26,3,Thursday,38,9
2025-09-19,P05,Mie Instan 1 Dus,23,4,Friday,38,9
2025-09-20,P05,Mie Instan 1 Dus,30,5,Saturday,38,9
2025-09-21,P05,Mie Instan 1 Dus,31,6,Sunday,38,9
2025-09-22,P05,Mie Instan 1 Dus,25,0,Monday,39,9
2025-09-23,P05,Mie Instan 1 Dus,24,1,Tuesday,39,9
2025-09-24,P05,Mie Instan 1 Dus,25,2,Wednesday,39,9
2025-09-25,P05,Mie Instan 1 Dus,25,3,Thursday,39,9
2025-09-26,P05,Mie Instan 1 Dus,24,4,Friday,39,9
2025-09-27,P05,Mie Instan 1 Dus,26,5,Saturday,39,9
2025-09-28,P05,Mie Instan 1 Dus,31,6,Sunday,39,9
2025-09-29,P05,Mie Instan 1 Dus,23,0,Monday,40,9
2025-09-30,P05,Mie Instan 1 Dus,24,1,Tuesday,40,9
2025-10-01,P05,Mie Instan 1 Dus,25,2,Wednesday,40,10
2025-10-02,P05,Mie Instan 1 Dus,22,3,Thursday,40,10
2025-10-03,P05,Mie Instan 1 Dus,25,4,Friday,40,10
2025-10-04,P05,Mie Instan 1 Dus,28,5,Saturday,40,10
2025-10-05,P05,Mie Instan 1 Dus,31,6,Sunday,40,10
2025-10-06,P05,Mie Instan 1 Dus,28,0,Monday,41,10
2025-10-07,P05,Mie Instan 1 Dus,22,1,Tuesday,41,10
2025-10-08,P05,Mie Instan 1 Dus,25,2,Wednesday,41,10
2025-10-09,P05,Mie Instan 1 Dus,25,3,Thursday,41,10
2025-10-10,P05,Mie Instan 1 Dus,27,4,Friday,41,10
2025-10-11,P05,Mie Instan 1 Dus,26,5,Saturday,41,10
2025-10-12,P05,Mie Instan 1 Dus,31,6,Sunday,41,10
2025-10-13,P05,Mie Instan 1 Dus,23,0,Monday,42,10
2025-10-14,P05,Mie Instan 1 Dus,27,1,Tuesday,42,10
2025-10-15,P05,Mie Instan 1 Dus,25,2,Wednesday,42,10
2025-10-16,P05,Mie Instan 1 Dus,24,3,Thursday,42,10
2025-10-17,P05,Mie Instan 1 Dus,26,4,Friday,42,10
2025-10-18,P05,Mie Instan 1 Dus,26,5,Saturday,42,10
2025-10-19,P05,Mie Instan 1 Dus,26,6,Sunday,42,10
2025-10-20,P05,Mie Instan 1 Dus,28,0,Monday,43,10
2025-10-21,P05,Mie Instan 1 Dus,27,1,Tuesday,43,10
2025-10-22,P05,Mie Instan 1 Dus,23,2,Wednesday,43,10
2025-10-23,P05,Mie Instan 1 Dus,23,3,Thursday,43,10
2025-10-24,P05,Mie Instan 1 Dus,26,4,Friday,43,10
2025-10-25,P05,Mie Instan 1 Dus,32,5,Saturday,43,10
2025-10-26,P05,Mie Instan 1 Dus,30,6,Sunday,43,10
2025-10-27,P05,Mie Instan 1 Dus,23,0,Monday,44,10
2025-10-28,P05,Mie Instan 1 Dus,25,1,Tuesday,44,10
2025-10-29,P05,Mie Instan 1 Dus,24,2,Wednesday,44,10
2025-10-30,P05,Mie Instan 1 Dus,23,3,Thursday,44,10
2025-10-31,P05,Mie Instan 1 Dus,23,4,Friday,44,10
2025-11-01,P05,Mie Instan 1 Dus,36,5,Saturday,44,11
2025-11-02,P05,Mie Instan 1 Dus,37,6,Sunday,44,11
2025-11-03,P05,Mie Instan 1 Dus,33,0,Monday,45,11
2025-11-04,P05,Mie Instan 1 Dus,32,1,Tuesday,45,11
2025-11-05,P05,Mie Instan 1 Dus,27,2,Wednesday,45,11
2025-11-06,P05,Mie Instan 1 Dus,29,3,Thursday,45,11
2025-11-07,P05,Mie Instan 1 Dus,27,4,Friday,45,11
2025-11-08,P05,Mie Instan 1 Dus,36,5,Saturday,45,11
2025-11-09,P05,Mie Instan 1 Dus,37,6,Sunday,45,11
2025-11-10,P05,Mie Instan 1 Dus,28,0,Monday,46,11
2025-11-11,P05,Mie Instan 1 Dus,27,1,Tuesday,46,11
2025-11-12,P05,Mie Instan 1 Dus,31,2,Wednesday,46,11
2025-11-13,P05,Mie Instan 1 Dus,28,3,Thursday,46,11
2025-11-14,P05,Mie Instan 1 Dus,33,4,Friday,46,11
2025-11-15,P05,Mie Instan 1 Dus,38,5,Saturday,46,11
2025-11-16,P05,Mie Instan 1 Dus,37,6,Sunday,46,11
2025-11-17,P05,Mie Instan 1 Dus,31,0,Monday,47,11
2025-11-18,P05,Mie Instan 1 Dus,32,1,Tuesday,47,11
2025-11-19,P05,Mie Instan 1 Dus,30,2,Wednesday,47,11
2025-11-20,P05,Mie Instan 1 Dus,31,3,Thursday,47,11
2025-11-21,P05,Mie Instan 1 Dus,32,4,Friday,47,11
2025-11-22,P05,Mie Instan 1 Dus,36,5,Saturday,47,11
2025-11-23,P05,Mie Instan 1 Dus,34,6,Sunday,47,11
2025-11-24,P05,Mie Instan 1 Dus,30,0,Monday,48,11
2025-11-25,P05,Mie Instan 1 Dus,32,1,Tuesday,48,11
2025-11-26,P05,Mie Instan 1 Dus,28,2,Wednesday,48,11
2025-11-27,P05,Mie Instan 1 Dus,28,3,Thursday,48,11
2025-11-28,P05,Mie Instan 1 Dus,27,4,Friday,48,11
2025-11-29,P05,Mie Instan 1 Dus,32,5,Saturday,48,11
2025-11-30,P05,Mie Instan 1 Dus,36,6,Sunday,48,11
2025-12-01,P05,Mie Instan 1 Dus,27,0,Monday,49,12
2025-12-02,P05,Mie Instan 1 Dus,33,1,Tuesday,49,12
2025-12-03,P05,Mie Instan 1 Dus,32,2,Wednesday,49,12
2025-12-04,P05,Mie Instan 1 Dus,30,3,Thursday,49,12
2025-12-05,P05,Mie Instan 1 Dus,29,4,Friday,49,12
2025-12-06,P05,Mie Instan 1 Dus,33,5,Saturday,49,12
2025-12-07,P05,Mie Instan 1 Dus,39,6,Sunday,49,12
2025-12-08,P05,Mie Instan 1 Dus,27,0,Monday,50,12
2025-12-09,P05,Mie Instan 1 Dus,30,1,Tuesday,50,12
2025-12-10,P05,Mie Instan 1 Dus,28,2,Wednesday,50,12
2025-12-11,P05,Mie Instan 1 Dus,30,3,Thursday,50,12
2025-12-12,P05,Mie Instan 1 Dus,30,4,Friday,50,12
2025-12-13,P05,Mie Instan 1 Dus,34,5,Saturday,50,12
2025-12-14,P05,Mie Instan 1 Dus,36,6,Sunday,50,12
2025-12-15,P05,Mie Instan 1 Dus,28,0,Monday,51,12
2025-12-16,P05,Mie Instan 1 Dus,29,1,Tuesday,51,12
2025-12-17,P05,Mie Instan 1 Dus,28,2,Wednesday,51,12
2025-12-18,P05,Mie Instan 1 Dus,32,3,Thursday,51,12
2025-12-19,P05,Mie Instan 1 Dus,30,4,Friday,51,12
2025-12-20,P05,Mie Instan 1 Dus,34,5,Saturday,51,12
2025-12-21,P05,Mie Instan 1 Dus,34,6,Sunday,51,12
2025-12-22,P05,Mie Instan 1 Dus,32,0,Monday,52,12
2025-12-23,P05,Mie Instan 1 Dus,32,1,Tuesday,52,12
2025-12-24,P05,Mie Instan 1 Dus,32,2,Wednesday,52,12
2025-12-25,P05,Mie Instan 1 Dus,31,3,Thursday,52,12
2025-12-26,P05,Mie Instan 1 Dus,34,4,Friday,52,12
2025-12-27,P05,Mie Instan 1 Dus,33,5,Saturday,52,12
2025-12-28,P05,Mie Instan 1 Dus,38,6,Sunday,52,12
2025-12-29,P05,Mie Instan 1 Dus,28,0,Monday,1,12
2025-12-30,P05,Mie Instan 1 Dus,28,1,Tuesday,1,12
2025-12-31,P05,Mie Instan 1 Dus,27,2,Wednesday,1,12
2026-01-01,P05,Mie Instan 1 Dus,24,3,Thursday,1,1
2026-01-02,P05,Mie Instan 1 Dus,25,4,Friday,1,1
2026-01-03,P05,Mie Instan 1 Dus,28,5,Saturday,1,1
2026-01-04,P05,Mie Instan 1 Dus,30,6,Sunday,1,1
2026-01-05,P05,Mie Instan 1 Dus,27,0,Monday,2,1
2026-01-06,P05,Mie Instan 1 Dus,22,1,Tuesday,2,1
2026-01-07,P05,Mie Instan 1 Dus,25,2,Wednesday,2,1
2026-01-08,P05,Mie Instan 1 Dus,25,3,Thursday,2,1
2026-01-09,P05,Mie Instan 1 Dus,25,4,Friday,2,1
2026-01-10,P05,Mie Instan 1 Dus,25,5,Saturday,2,1
2026-01-11,P05,Mie Instan 1 Dus,25,6,Sunday,2,1
2026-01-12,P05,Mie Instan 1 Dus,26,0,Monday,3,1
2026-01-13,P05,Mie Instan 1 Dus,26,1,Tuesday,3,1
2026-01-14,P05,Mie Instan 1 Dus,24,2,Wednesday,3,1
2026-01-15,P05,Mie Instan 1 Dus,23,3,Thursday,3,1
2026-01-16,P05,Mie Instan 1 Dus,24,4,Friday,3,1
2026-01-17,P05,Mie Instan 1 Dus,29,5,Saturday,3,1
2026-01-18,P05,Mie Instan 1 Dus,28,6,Sunday,3,1
2026-01-19,P05,Mie Instan 1 Dus,25,0,Monday,4,1
2026-01-20,P05,Mie Instan 1 Dus,26,1,Tuesday,4,1
2026-01-21,P05,Mie Instan 1 Dus,25,2,Wednesday,4,1
2026-01-22,P05,Mie Instan 1 Dus,23,3,Thursday,4,1
2026-01-23,P05,Mie Instan 1 Dus,22,4,Friday,4,1
2026-01-24,P05,Mie Instan 1 Dus,29,5,Saturday,4,1
2026-01-25,P05,Mie Instan 1 Dus,27,6,Sunday,4,1
2026-01-26,P05,Mie Instan 1 Dus,27,0,Monday,5,1
2026-01-27,P05,Mie Instan 1 Dus,26,1,Tuesday,5,1
2026-01-28,P05,Mie Instan 1 Dus,27,2,Wednesday,5,1
2026-01-29,P05,Mie Instan 1 Dus,22,3,Thursday,5,1
2026-01-30,P05,Mie Instan 1 Dus,24,4,Friday,5,1
2026-01-31,P05,Mie Instan 1 Dus,31,5,Saturday,5,1
2026-02-01,P05,Mie Instan 1 Dus,27,6,Sunday,5,2
2026-02-02,P05,Mie Instan 1 Dus,28,0,Monday,6,2
2026-02-03,P05,Mie Instan 1 Dus,27,1,Tuesday,6,2
2026-02-04,P05,Mie Instan 1 Dus,27,2,Wednesday,6,2
2026-02-05,P05,Mie Instan 1 Dus,25,3,Thursday,6,2
2026-02-06,P05,Mie Instan 1 Dus,29,4,Friday,6,2
2026-02-07,P05,Mie Instan 1 Dus,29,5,Saturday,6,2
2026-02-08,P05,Mie Instan 1 Dus,31,6,Sunday,6,2
2026-02-09,P05,Mie Instan 1 Dus,27,0,Monday,7,2
2026-02-10,P05,Mie Instan 1 Dus,27,1,Tuesday,7,2
2026-02-11,P05,Mie Instan 1 Dus,27,2,Wednesday,7,2
2026-02-12,P05,Mie Instan 1 Dus,24,3,Thursday,7,2
2026-02-13,P05,Mie Instan 1 Dus,27,4,Friday,7,2
2026-02-14,P05,Mie Instan 1 Dus,28,5,Saturday,7,2
2026-02-15,P05,Mie Instan 1 Dus,28,6,Sunday,7,2
2026-02-16,P05,Mie Instan 1 Dus,28,0,Monday,8,2
2026-02-17,P05,Mie Instan 1 Dus,28,1,Tuesday,8,2
2026-02-18,P05,Mie Instan 1 Dus,25,2,Wednesday,8,2
2026-02-19,P05,Mie Instan 1 Dus,26,3,Thursday,8,2
2026-02-20,P05,Mie Instan 1 Dus,28,4,Friday,8,2
2026-02-21,P05,Mie Instan 1 Dus,30,5,Saturday,8,2
2026-02-22,P05,Mie Instan 1 Dus,33,6,Sunday,8,2
2026-02-23,P05,Mie Instan 1 Dus,23,0,Monday,9,2
2026-02-24,P05,Mie Instan 1 Dus,24,1,Tuesday,9,2
2026-02-25,P05,Mie Instan 1 Dus,23,2,Wednesday,9,2
2026-02-26,P05,Mie Instan 1 Dus,29,3,Thursday,9,2
2026-02-27,P05,Mie Instan 1 Dus,25,4,Friday,9,2
2026-02-28,P05,Mie Instan 1 Dus,32,5,Saturday,9,2
2026-03-01,P05,Mie Instan 1 Dus,30,6,Sunday,9,3
2026-03-02,P05,Mie Instan 1 Dus,29,0,Monday,10,3
2026-03-03,P05,Mie Instan 1 Dus,28,1,Tuesday,10,3
2026-03-04,P05,Mie Instan 1 Dus,25,2,Wednesday,10,3
2026-03-05,P05,Mie Instan 1 Dus,30,3,Thursday,10,3
2026-03-06,P05,Mie Instan 1 Dus,31,4,Friday,10,3
2026-03-07,P05,Mie Instan 1 Dus,29,5,Saturday,10,3
2026-03-08,P05,Mie Instan 1 Dus,34,6,Sunday,10,3
2026-03-09,P05,Mie Instan 1 Dus,32,0,Monday,11,3
2026-03-10,P05,Mie Instan 1 Dus,29,1,Tuesday,11,3
2026-03-11,P05,Mie Instan 1 Dus,26,2,Wednesday,11,3
2026-03-12,P05,Mie Instan 1 Dus,29,3,Thursday,11,3
2026-03-13,P05,Mie Instan 1 Dus,26,4,Friday,11,3
2026-03-14,P05,Mie Instan 1 Dus,33,5,Saturday,11,3
2026-03-15,P05,Mie Instan 1 Dus,36,6,Sunday,11,3
2026-03-16,P05,Mie Instan 1 Dus,26,0,Monday,12,3
2026-03-17,P05,Mie Instan 1 Dus,31,1,Tuesday,12,3
2026-03-18,P05,Mie Instan 1 Dus,29,2,Wednesday,12,3
2026-03-19,P05,Mie Instan 1 Dus,29,3,Thursday,12,3
2026-03-20,P05,Mie Instan 1 Dus,26,4,Friday,12,3
2026-03-21,P05,Mie Instan 1 Dus,36,5,Saturday,12,3
2026-03-22,P05,Mie Instan 1 Dus,34,6,Sunday,12,3
2026-03-23,P05,Mie Instan 1 Dus,30,0,Monday,13,3
2026-03-24,P05,Mie Instan 1 Dus,26,1,Tuesday,13,3
2026-03-25,P05,Mie Instan 1 Dus,27,2,Wednesday,13,3
2026-03-26,P05,Mie Instan 1 Dus,26,3,Thursday,13,3
2026-03-27,P05,Mie Instan 1 Dus,26,4,Friday,13,3
2026-03-28,P05,Mie Instan 1 Dus,36,5,Saturday,13,3
2026-03-29,P05,Mie Instan 1 Dus,29,6,Sunday,13,3
2026-03-30,P05,Mie Instan 1 Dus,27,0,Monday,14,3
2026-03-31,P05,Mie Instan 1 Dus,31,1,Tuesday,14,3
2026-04-01,P05,Mie Instan 1 Dus,26,2,Wednesday,14,4
2026-04-02,P05,Mie Instan 1 Dus,29,3,Thursday,14,4
2026-04-03,P05,Mie Instan 1 Dus,26,4,Friday,14,4
2026-04-04,P05,Mie Instan 1 Dus,33,5,Saturday,14,4
2026-04-05,P05,Mie Instan 1 Dus,33,6,Sunday,14,4
2026-04-06,P05,Mie Instan 1 Dus,26,0,Monday,15,4
2026-04-07,P05,Mie Instan 1 Dus,32,1,Tuesday,15,4
2026-04-08,P05,Mie Instan 1 Dus,30,2,Wednesday,15,4
2026-04-09,P05,Mie Instan 1 Dus,31,3,Thursday,15,4
2026-04-10,P05,Mie Instan 1 Dus,31,4,Friday,15,4
2026-04-11,P05,Mie Instan 1 Dus,30,5,Saturday,15,4
2026-04-12,P05,Mie Instan 1 Dus,36,6,Sunday,15,4
2026-04-13,P05,Mie Instan 1 Dus,32,0,Monday,16,4
2026-04-14,P05,Mie Instan 1 Dus,29,1,Tuesday,16,4
2026-04-15,P05,Mie Instan 1 Dus,28,2,Wednesday,16,4
2026-04-16,P05,Mie Instan 1 Dus,27,3,Thursday,16,4
2026-04-17,P05,Mie Instan 1 Dus,29,4,Friday,16,4
2026-04-18,P05,Mie Instan 1 Dus,35,5,Saturday,16,4
2026-04-19,P05,Mie Instan 1 Dus,34,6,Sunday,16,4
2026-04-20,P05,Mie Instan 1 Dus,30,0,Monday,17,4
2026-04-21,P05,Mie Instan 1 Dus,32,1,Tuesday,17,4
2026-04-22,P05,Mie Instan 1 Dus,32,2,Wednesday,17,4
2026-04-23,P05,Mie Instan 1 Dus,31,3,Thursday,17,4
2026-04-24,P05,Mie Instan 1 Dus,32,4,Friday,17,4
2026-04-25,P05,Mie Instan 1 Dus,30,5,Saturday,17,4
2026-04-26,P05,Mie Instan 1 Dus,31,6,Sunday,17,4
2026-04-27,P05,Mie Instan 1 Dus,30,0,Monday,18,4
2026-04-28,P05,Mie Instan 1 Dus,32,1,Tuesday,18,4
2026-04-29,P05,Mie Instan 1 Dus,26,2,Wednesday,18,4
2026-04-30,P05,Mie Instan 1 Dus,29,3,Thursday,18,4
2026-05-01,P05,Mie Instan 1 Dus,25,4,Friday,18,5
2026-05-02,P05,Mie Instan 1 Dus,29,5,Saturday,18,5
2026-05-03,P05,Mie Instan 1 Dus,29,6,Sunday,18,5
2026-05-04,P05,Mie Instan 1 Dus,27,0,Monday,19,5
2026-05-05,P05,Mie Instan 1 Dus,24,1,Tuesday,19,5
2026-05-06,P05,Mie Instan 1 Dus,27,2,Wednesday,19,5
2026-05-07,P05,Mie Instan 1 Dus,27,3,Thursday,19,5
2026-05-08,P05,Mie Instan 1 Dus,27,4,Friday,19,5
2026-05-09,P05,Mie Instan 1 Dus,33,5,Saturday,19,5
2026-05-10,P05,Mie Instan 1 Dus,30,6,Sunday,19,5
2026-05-11,P05,Mie Instan 1 Dus,24,0,Monday,20,5
2026-05-12,P05,Mie Instan 1 Dus,25,1,Tuesday,20,5
2026-05-13,P05,Mie Instan 1 Dus,26,2,Wednesday,20,5
2026-05-14,P05,Mie Instan 1 Dus,29,3,Thursday,20,5
2026-05-15,P05,Mie Instan 1 Dus,26,4,Friday,20,5
2026-05-16,P05,Mie Instan 1 Dus,34,5,Saturday,20,5
2026-05-17,P05,Mie Instan 1 Dus,33,6,Sunday,20,5
2026-05-18,P05,Mie Instan 1 Dus,26,0,Monday,21,5
2026-05-19,P05,Mie Instan 1 Dus,23,1,Tuesday,21,5
2026-05-20,P05,Mie Instan 1 Dus,24,2,Wednesday,21,5
2026-05-21,P05,Mie Instan 1 Dus,26,3,Thursday,21,5
2026-05-22,P05,Mie Instan 1 Dus,26,4,Friday,21,5
2026-05-23,P05,Mie Instan 1 Dus,27,5,Saturday,21,5
2026-05-24,P05,Mie Instan 1 Dus,30,6,Sunday,21,5
2026-05-25,P05,Mie Instan 1 Dus,25,0,Monday,22,5
2026-05-26,P05,Mie Instan 1 Dus,25,1,Tuesday,22,5
2026-05-27,P05,Mie Instan 1 Dus,25,2,Wednesday,22,5
2026-05-28,P05,Mie Instan 1 Dus,26,3,Thursday,22,5
2026-05-29,P05,Mie Instan 1 Dus,26,4,Friday,22,5
2026-05-30,P05,Mie Instan 1 Dus,32,5,Saturday,22,5
2026-05-31,P05,Mie Instan 1 Dus,30,6,Sunday,22,5
2026-06-01,P05,Mie Instan 1 Dus,24,0,Monday,23,6
2026-06-02,P05,Mie Instan 1 Dus,28,1,Tuesday,23,6
2026-06-03,P05,Mie Instan 1 Dus,29,2,Wednesday,23,6
2026-06-04,P05,Mie Instan 1 Dus,24,3,Thursday,23,6
2026-06-05,P05,Mie Instan 1 Dus,24,4,Friday,23,6
2026-06-06,P05,Mie Instan 1 Dus,29,5,Saturday,23,6
2026-06-07,P05,Mie Instan 1 Dus,29,6,Sunday,23,6
2026-06-08,P05,Mie Instan 1 Dus,28,0,Monday,24,6
2026-06-09,P05,Mie Instan 1 Dus,24,1,Tuesday,24,6
2026-06-10,P05,Mie Instan 1 Dus,24,2,Wednesday,24,6
2026-06-11,P05,Mie Instan 1 Dus,26,3,Thursday,24,6
2026-06-12,P05,Mie Instan 1 Dus,25,4,Friday,24,6
2026-06-13,P05,Mie Instan 1 Dus,30,5,Saturday,24,6
2026-06-14,P05,Mie Instan 1 Dus,27,6,Sunday,24,6
2026-06-15,P05,Mie Instan 1 Dus,24,0,Monday,25,6
2026-06-16,P05,Mie Instan 1 Dus,26,1,Tuesday,25,6
2026-06-17,P05,Mie Instan 1 Dus,26,2,Wednesday,25,6
2026-06-18,P05,Mie Instan 1 Dus,25,3,Thursday,25,6
2026-06-19,P05,Mie Instan 1 Dus,28,4,Friday,25,6
2026-06-20,P05,Mie Instan 1 Dus,28,5,Saturday,25,6
2026-06-21,P05,Mie Instan 1 Dus,33,6,Sunday,25,6
2026-06-22,P05,Mie Instan 1 Dus,27,0,Monday,26,6
2026-06-23,P05,Mie Instan 1 Dus,29,1,Tuesday,26,6
2026-06-24,P05,Mie Instan 1 Dus,25,2,Wednesday,26,6
2026-06-25,P05,Mie Instan 1 Dus,26,3,Thursday,26,6
2026-06-26,P05,Mie Instan 1 Dus,29,4,Friday,26,6
2026-06-27,P05,Mie Instan 1 Dus,30,5,Saturday,26,6
2026-06-28,P05,Mie Instan 1 Dus,29,6,Sunday,26,6
2026-06-29,P05,Mie Instan 1 Dus,26,0,Monday,27,6
2026-06-30,P05,Mie Instan 1 Dus,28,1,Tuesday,27,6
2026-07-01,P05,Mie Instan 1 Dus,27,2,Wednesday,27,7
2026-07-02,P05,Mie Instan 1 Dus,29,3,Thursday,27,7
2026-07-03,P05,Mie Instan 1 Dus,25,4,Friday,27,7
2026-07-04,P05,Mie Instan 1 Dus,32,5,Saturday,27,7
2026-07-05,P05,Mie Instan 1 Dus,27,6,Sunday,27,7
2026-07-06,P05,Mie Instan 1 Dus,28,0,Monday,28,7
2026-07-07,P05,Mie Instan 1 Dus,25,1,Tuesday,28,7
2026-07-08,P05,Mie Instan 1 Dus,28,2,Wednesday,28,7
2026-07-09,P05,Mie Instan 1 Dus,27,3,Thursday,28,7
2026-07-10,P05,Mie Instan 1 Dus,23,4,Friday,28,7
2026-07-11,P05,Mie Instan 1 Dus,34,5,Saturday,28,7
2026-07-12,P05,Mie Instan 1 Dus,27,6,Sunday,28,7
2026-07-13,P05,Mie Instan 1 Dus,26,0,Monday,29,7
2026-07-14,P05,Mie Instan 1 Dus,25,1,Tuesday,29,7
2026-07-15,P05,Mie Instan 1 Dus,29,2,Wednesday,29,7
2026-07-16,P05,Mie Instan 1 Dus,25,3,Thursday,29,7
2026-07-17,P05,Mie Instan 1 Dus,24,4,Friday,29,7
2026-07-18,P05,Mie Instan 1 Dus,30,5,Saturday,29,7
2026-07-19,P05,Mie Instan 1 Dus,30,6,Sunday,29,7
2026-07-20,P05,Mie Instan 1 Dus,24,0,Monday,30,7
2026-07-21,P05,Mie Instan 1 Dus,29,1,Tuesday,30,7
2026-07-22,P05,Mie Instan 1 Dus,26,2,Wednesday,30,7
2026-07-23,P05,Mie Instan 1 Dus,28,3,Thursday,30,7
2026-07-24,P05,Mie Instan 1 Dus,26,4,Friday,30,7
2026-07-25,P05,Mie Instan 1 Dus,29,5,Saturday,30,7
2026-07-26,P05,Mie Instan 1 Dus,32,6,Sunday,30,7
2026-07-27,P05,Mie Instan 1 Dus,29,0,Monday,31,7
2026-07-28,P05,Mie Instan 1 Dus,27,1,Tuesday,31,7
2026-07-29,P05,Mie Instan 1 Dus,26,2,Wednesday,31,7
2026-07-30,P05,Mie Instan 1 Dus,25,3,Thursday,31,7
2026-07-31,P05,Mie Instan 1 Dus,25,4,Friday,31,7
